MarkerInfo(storeName:”,한우돈가,"“,address:”",정육점,경기도 성남시 분당구 미금로22번길,"“,address_detail:”",,"“,latitude:","(37.3366942, 127.1188513)"
MarkerInfo(storeName:”,광명수산,"“,address:”",농수산물,경기 성남시 분당구 구미로9번길 7,"“,address_detail:”","구미동, 팬텀프라자","“,latitude:","(37.3389654, 127.1100861)"
MarkerInfo(storeName:”,대원정육센타,"“,address:”",정육점,경기 성남시 분당구 미금로 215,"“,address_detail:”",금곡동,"“,latitude:","(37.3392061, 127.1160914)"
MarkerInfo(storeName:”,대원청과상회,"“,address:”",농수산물,경기 성남시 분당구 미금로 215,"“,address_detail:”",금곡동,"“,latitude:","(37.3392061, 127.1160914)"
MarkerInfo(storeName:”,제일정육점,"“,address:”",정육점,경기 성남시 분당구 미금로 184,"“,address_detail:”",구미동,"“,latitude:","(37.3392061, 127.1160914)"
MarkerInfo(storeName:”,동탄노량진 미금금곡점,"“,address:”",농수산물,경기도 성남시 분당구 미금로 215,"“,address_detail:”","금곡동,청솔마을","“,latitude:","(37.3392061, 127.1160914)"
MarkerInfo(storeName:”,엘림과일,"“,address:”",청과물,경기 성남시 분당구 미금로 66,"“,address_detail:”","구미동, 무지개마을주공4단지아파트","“,latitude:","(37.3392603, 127.116911)"
MarkerInfo(storeName:”,한우촌정육점,"“,address:”",정육점,경기 성남시 분당구 무지개로 144,"“,address_detail:”",",무지개마을상가 지하 108, 구미동","“,latitude:","(37.3392971, 127.1187926)"
MarkerInfo(storeName:”,주식회사 바른에프엔비,"“,address:”",농수산물,경기 성남시 분당구 성남대로43번길 10,"“,address_detail:”","구미동, 하나EZ타워","“,latitude:","(37.3396493, 127.1088248)"
MarkerInfo(storeName:”,(주)한국씨에이씨,"“,address:”",농수산물,경기 성남시 분당구 탄천상로 164 ,"“,address_detail:”",구미동,"“,latitude:","(37.3425981, 127.1073899)"
MarkerInfo(storeName:”,궁중떡집,"“,address:”",농가공산품,경기 성남시 분당구 구미로 60,"“,address_detail:”","구미동, 관보빌딩","“,latitude:","(37.3438358, 127.1275804)"
MarkerInfo(storeName:”,태조황태,"“,address:”",농수산물,경기 성남시 분당구 금곡로23번길 9,"“,address_detail:”",구미동,"“,latitude:","(37.344440899999995, 127.11154050468883)"
MarkerInfo(storeName:”,까치떡방앗간,"“,address:”",농가공산품,경기 성남시 분당구 미금일로 58,"“,address_detail:”","구미동, 까치마을롯데아파트","“,latitude:","(37.3476203, 127.1072285)"
MarkerInfo(storeName:”,일우상사,"“,address:”",농수산물,경기 성남시 분당구 미금일로 57,"“,address_detail:”","구미동, 하얀마을주공6단지아파트","“,latitude:","(37.3476203, 127.1072285)"
MarkerInfo(storeName:”,안동황우촌2호점,"“,address:”",정육점,경기 성남시 분당구 미금일로86번길 17,"“,address_detail:”",구미동,"“,latitude:","(37.347632250000004, 127.11020930000001)"
MarkerInfo(storeName:”,반찬애,"“,address:”",식품류제조업,경기 성남시 분당구 미금일로74번길 21,"“,address_detail:”",구미동,"“,latitude:","(37.34778135, 127.11152680000001)"
MarkerInfo(storeName:”,주식회사 선우프레시,"“,address:”",정육점,경기 성남시 분당구 미금일로90번길 36-9,"“,address_detail:”","구미동, 앵거스박빌딩","“,latitude:","(37.3491675, 127.1099258)"
MarkerInfo(storeName:”,과일킹,"“,address:”",청과물,경기 성남시 분당구 돌마로90번길 4,"“,address_detail:”","구미동, 엘레강스프라자","“,latitude:","(37.3496355, 127.1116567)"
MarkerInfo(storeName:”,소복축산,"“,address:”",정육점,경기 성남시 분당구 돌마로90번길 4,"“,address_detail:”","구미동, 엘레강스프라자","“,latitude:","(37.3496355, 127.1116567)"
MarkerInfo(storeName:”,끌라시꼬커피,"“,address:”",식품류제조업,경기 성남시 분당구 돌마로 67,"“,address_detail:”",금곡동,"“,latitude:","(37.3500363, 127.1120226)"
MarkerInfo(storeName:”,신개념축산,"“,address:”",정육점,경기도 성남시 분당구 돌마로 87,"“,address_detail:”","금곡동, 골드프라자","“,latitude:","(37.3500363, 127.1120226)"
MarkerInfo(storeName:”,꽃돌이 푸줏간,"“,address:”",정육점,경기도 성남시 분당구 돌마로 79,"“,address_detail:”","금곡동,썬프라자","“,latitude:","(37.3500363, 127.1120226)"
MarkerInfo(storeName:”,(주)덕창,"“,address:”",농수산물,경기 성남시 분당구 대왕판교로 264,"“,address_detail:”",궁내동,"“,latitude:","(37.3503358, 127.1018029)"
MarkerInfo(storeName:”,순우리 한우 직판장,"“,address:”",정육점,경기 성남시 분당구 대왕판교로 255,"“,address_detail:”",궁내동,"“,latitude:","(37.3503358, 127.1018029)"
MarkerInfo(storeName:”,로얄물류 (주),"“,address:”",농수산물,경기도 성남시 분당구 대왕판교로 95,"“,address_detail:”",금곡동,"“,latitude:","(37.3503358, 127.1018029)"
MarkerInfo(storeName:”,떡고을,"“,address:”",농가공산품,경기 성남시 분당구 정자일로 248,"“,address_detail:”",정자동,"“,latitude:","(37.3507854, 127.1063437)"
MarkerInfo(storeName:”,새맑농산,"“,address:”",농수산물,경기 성남시 분당구 정자일로 1,"“,address_detail:”","금곡동, 코오롱트리폴리스","“,latitude:","(37.3507854, 127.1063437)"
MarkerInfo(storeName:”,우리한우전문점,"“,address:”",정육점,경기 성남시 분당구 정자일로 248117,"“,address_detail:”","정자동,파크뷰상가1층","“,latitude:","(37.3507854, 127.1063437)"
MarkerInfo(storeName:”,제이에프씨(JFC),"“,address:”",농수산물,경기 성남시 분당구 정자일로 55,"“,address_detail:”","금곡동, 분당두산위브아파트","“,latitude:","(37.3507854, 127.1063437)"
MarkerInfo(storeName:”,캐틀하우스 분당미금역점,"“,address:”",정육점,경기도 성남시 분당구 정자일로 15,"“,address_detail:”","금곡동,분당하우스토리","“,latitude:","(37.3507854, 127.1063437)"
MarkerInfo(storeName:”,한라태광,"“,address:”",정육점,경기 성남시 분당구 정자일로 72,"“,address_detail:”","금곡동, 청솔마을한라아파트","“,latitude:","(37.3507854, 127.1063437)"
MarkerInfo(storeName:”,캐틀하우스 분당미금역점,"“,address:”",정육점,경기도 성남시 분당구 정자일로 15,"“,address_detail:”","금곡동, 분당하우스토리","“,latitude:","(37.3507854, 127.1063437)"
MarkerInfo(storeName:”,투플러스한우 (1++),"“,address:”",정육점,경기 성남시 분당구 정자일로 21,"“,address_detail:”","금곡동, 삼라마이다스빌","“,latitude:","(37.351614100000006, 127.1058724429299)"
MarkerInfo(storeName:”,해피푸릇,"“,address:”",청과물,경기 성남시 분당구 정자일로 25,"“,address_detail:”","금곡동, 대덕프라자","“,latitude:","(37.352339549999996, 127.105629875)"
MarkerInfo(storeName:”,247케이크,"“,address:”",농가공산품,경기 성남시 분당구 불곡남로 13,"“,address_detail:”",정자동,"“,latitude:","(37.358259849999996, 127.12341630864034)"
MarkerInfo(storeName:”,순우리한우,"“,address:”",정육점,경기 성남시 분당구 쇳골로17번길 3,"“,address_detail:”",금곡동,"“,latitude:","(37.3623672, 127.0987316)"
MarkerInfo(storeName:”,천지정육,"“,address:”",정육점,경기도 성남시 분당구 성남대로331번길 3-9,"“,address_detail:”","정자동, 백궁프라자","“,latitude:","(37.3648454, 127.10772195)"
MarkerInfo(storeName:”,딸기모자 아저씨,"“,address:”",농수산물,경기 성남시 분당구 판교대장로4길 13 ,"“,address_detail:”",대장동,"“,latitude:","(37.3648747, 127.06815450250596)"
MarkerInfo(storeName:”,성실지압원,"“,address:”",농수산물,경기 성남시 분당구 성남대로331번길 3-3,"“,address_detail:”",정자동,"“,latitude:","(37.3653298, 127.1077077)"
MarkerInfo(storeName:”,푸른목장,"“,address:”",농가공산품,경기도 성남시 분당구 판교대장로6길 7,"“,address_detail:”",대장동,"“,latitude:","(37.3671009, 127.06894498323418)"
MarkerInfo(storeName:”,선비떡방,"“,address:”",농가공산품,경기 성남시 분당구 돌마로366번길 42,"“,address_detail:”",수내동,"“,latitude:","(37.3671671, 127.1267389)"
MarkerInfo(storeName:”,촌놈,"“,address:”",농수산물,경기 성남시 분당구 돌마로366번길 42,"“,address_detail:”","수내동, 외1필지","“,latitude:","(37.3671671, 127.1267389)"
MarkerInfo(storeName:”,물댄동산,"“,address:”",농수산물,경기도 성남시 분당구 장안로4번길 6.,"“,address_detail:”",,"“,latitude:","(37.3675081, 127.14100895)"
MarkerInfo(storeName:”,온누리축산,"“,address:”",정육점,경기 성남시 분당구 장안로16번길 10,"“,address_detail:”",분당동,"“,latitude:","(37.36796, 127.1425269604321)"
MarkerInfo(storeName:”,홍초,"“,address:”",농수산물,경기 성남시 분당구 장안로16번길 30,"“,address_detail:”",분당동,"“,latitude:","(37.3679628, 127.14471398882122)"
MarkerInfo(storeName:”,이가목장,"“,address:”",정육점,경기도 성남시 분당구 돌마로356번길 3,"“,address_detail:”","수내동, 그랜드빌딩","“,latitude:","(37.3681326, 127.1246575)"
MarkerInfo(storeName:”,태영어부수산,"“,address:”",농수산물,경기 성남시 분당구 장안로4번길 1-9,"“,address_detail:”",분당동,"“,latitude:","(37.368244000000004, 127.14135181509906)"
MarkerInfo(storeName:”,한솔유통,"“,address:”",농수산물,경기 성남시 분당구 내정로 94,"“,address_detail:”","정자동, 한솔마을주공7단지아파트","“,latitude:","(37.368652, 127.1147912)"
MarkerInfo(storeName:”,두부장수,"“,address:”",농가공산품,경기 성남시 분당구 내정로 55,"“,address_detail:”","정자동, 상록마을우성아파트","“,latitude:","(37.368652, 127.1147912)"
MarkerInfo(storeName:”,대성청과,"“,address:”",청과물,경기 성남시 분당구 느티로 69,"“,address_detail:”",",103, 정자동","“,latitude:","(37.3687521, 127.11223595912584)"
MarkerInfo(storeName:”,동현대 정육점,"“,address:”",정육점,경기 성남시 분당구 느티로 69,"“,address_detail:”",정자동,"“,latitude:","(37.3687521, 127.11223595912584)"
MarkerInfo(storeName:”,누렁이네정육점,"“,address:”",정육점,경기 성남시 분당구 느티로 67,"“,address_detail:”",",지하1층, 정자동, 수내조합상가","“,latitude:","(37.3687542, 127.11203827326553)"
MarkerInfo(storeName:”,참시루,"“,address:”",식품류제조업,경기 성남시 분당구 느티로77번길 3,"“,address_detail:”",",101, 정자동, 대보프라자","“,latitude:","(37.3688018, 127.1129871369748)"
MarkerInfo(storeName:”,새롬,"“,address:”",식품류제조업,경기 성남시 분당구 느티로77번길 6-2,"“,address_detail:”",정자동,"“,latitude:","(37.3688344, 127.11345054967634)"
MarkerInfo(storeName:”,디저트 테이블,"“,address:”",식품류제조업,경기 성남시 분당구 느티로77번길 6,"“,address_detail:”",정자동,"“,latitude:","(37.36908925, 127.11333470002208)"
MarkerInfo(storeName:”,성남시분당시니어클럽 하우콩두부,"“,address:”",식품류제조업,경기 성남시 분당구 고기로 228,"“,address_detail:”",동원동,"“,latitude:","(37.3698141, 127.0398173)"
MarkerInfo(storeName:”,플로어니,"“,address:”",농가공산품,경기 성남시 분당구 내정로113번길 4,"“,address_detail:”",정자동,"“,latitude:","(37.37064, 127.1149767)"
MarkerInfo(storeName:”,안동황우촌,"“,address:”",정육점,경기 성남시 분당구 장안로 35,"“,address_detail:”",분당동,"“,latitude:","(37.371469, 127.1454353)"
MarkerInfo(storeName:”,새벽미향,"“,address:”",농가공산품,경기 성남시 분당구 판교대장로7길 12,"“,address_detail:”",대장동,"“,latitude:","(37.3717864, 127.0695148)"
MarkerInfo(storeName:”,한우마을 정육센타,"“,address:”",정육점,경기 성남시 분당구 내정로119번길 20,"“,address_detail:”",정자동,"“,latitude:","(37.3721135, 127.1139387)"
MarkerInfo(storeName:”,한우홀릭정육점,"“,address:”",정육점,경기도 성남시 분당구 판교대장로7길 16,"“,address_detail:”",상가동 128호대장동 힐스테이트 판교 엘포레 A6BL,"“,latitude:","(37.372335, 127.069792)"
MarkerInfo(storeName:”,한우마루 서현점,"“,address:”",농가공산품,경기 성남시 분당구 불정로376번길 37,"“,address_detail:”","1호, 서현동, 범한프라자","“,latitude:","(37.372353, 127.1381386)"
MarkerInfo(storeName:”,로하스 분당서현점,"“,address:”",농수산물,경기 성남시 분당구 불정로376번길 37,"“,address_detail:”","서현동, 범한프라자","“,latitude:","(37.372353, 127.1381386)"
MarkerInfo(storeName:”,두부장수 (서현점),"“,address:”",농가공산품,경기 성남시 분당구 불정로376번길 31,"“,address_detail:”",서현동,"“,latitude:","(37.372353, 127.1381386)"
MarkerInfo(storeName:”,종로떡마을,"“,address:”",농가공산품,경기 성남시 분당구 불정로376번길 31,"“,address_detail:”","서현동, 효자촌미래타운아파트","“,latitude:","(37.372353, 127.1381386)"
MarkerInfo(storeName:”,레이 스튜디오,"“,address:”",농가공산품,경기도 성남시 분당구 백현로144번길 9-6,"“,address_detail:”",,"“,latitude:","(37.372402300000005, 127.113785787392)"
MarkerInfo(storeName:”,농부떡방아,"“,address:”",농가공산품,경기 성남시 분당구 수내동 74,"“,address_detail:”",,"“,latitude:","(37.37244, 127.12236)"
MarkerInfo(storeName:”,파크생선,"“,address:”",농수산물,경기 성남시 분당구 내정로174번길 42,"“,address_detail:”",",돌고래지하상가 114, 수내동","“,latitude:","(37.3726856, 127.1215298)"
MarkerInfo(storeName:”,으뜸청과,"“,address:”",청과물,경기 성남시 분당구 내정로174번길 42,"“,address_detail:”",",돌고래상가 지하 64, 수내동","“,latitude:","(37.3726856, 127.1215298)"
MarkerInfo(storeName:”,분당명품젖갈,"“,address:”",농수산물,경기 성남시 분당구 내정로174번길 42,"“,address_detail:”",",파크타운돌고래상가 지하 144호, 수내동","“,latitude:","(37.3726856, 127.1215298)"
MarkerInfo(storeName:”,은마양념육,"“,address:”",정육점,경기 성남시 분당구 내정로174번길 42,"“,address_detail:”",",돌고래상가 지층 171 172 178호 179호, 수내동","“,latitude:","(37.3726856, 127.1215298)"
MarkerInfo(storeName:”,황부자먹거리,"“,address:”",식품류제조업,경기 성남시 분당구 내정로174번길 42,"“,address_detail:”",수내동,"“,latitude:","(37.3726856, 127.1215298)"
MarkerInfo(storeName:”,돌고래상회,"“,address:”",농수산물,경기 성남시 분당구 내정로174번길 42,"“,address_detail:”","수내동, 파크타운주상복합","“,latitude:","(37.3726856, 127.1215298)"
MarkerInfo(storeName:”,돌고래 생선,"“,address:”",농수산물,경기 성남시 분당구 내정로174번길 42,"“,address_detail:”",수내동,"“,latitude:","(37.3726856, 127.1215298)"
MarkerInfo(storeName:”,떡사랑,"“,address:”",농가공산품,경기 성남시 분당구 내정로174번길 42,"“,address_detail:”",수내동,"“,latitude:","(37.3726856, 127.1215298)"
MarkerInfo(storeName:”,행복한김치,"“,address:”",농수산물,경기 성남시 분당구 내정로174번길 42 ,"“,address_detail:”","수내동, 파크타운서안아파트","“,latitude:","(37.3726856, 127.1215298)"
MarkerInfo(storeName:”,참두부집,"“,address:”",식품류제조업,경기 성남시 분당구 내정로174번길 42,"“,address_detail:”",수내동,"“,latitude:","(37.3726856, 127.1215298)"
MarkerInfo(storeName:”,바다건어물,"“,address:”",농수산물,경기 성남시 분당구 내정로174번길 42,"“,address_detail:”",수내동,"“,latitude:","(37.3726856, 127.1215298)"
MarkerInfo(storeName:”,현대한우촌,"“,address:”",정육점,경기 성남시 분당구 내정로174번길 42,"“,address_detail:”",수내동,"“,latitude:","(37.3726856, 127.1215298)"
MarkerInfo(storeName:”,광천한우양념,"“,address:”",식품류제조업,경기 성남시 분당구 내정로174번길 42,"“,address_detail:”","수내동, 파크타운서안아파트","“,latitude:","(37.3726856, 127.1215298)"
MarkerInfo(storeName:”,우리집고추참기름,"“,address:”",농가공산품,경기 성남시 분당구 내정로174번길 42,"“,address_detail:”","수내동, 파크타운서안아파트","“,latitude:","(37.3726856, 127.1215298)"
MarkerInfo(storeName:”,김범신 떡오색함,"“,address:”",농가공산품,경기 성남시 분당구 내정로174번길 42,"“,address_detail:”","수내동, 파크타운서안아파트","“,latitude:","(37.3726856, 127.1215298)"
MarkerInfo(storeName:”,현대식품,"“,address:”",정육점,경기도 성남시 분당구 내정로174번길 4276,"“,address_detail:”",수내동 돌고래지하상가,"“,latitude:","(37.3726856, 127.1215298)"
MarkerInfo(storeName:”,매일우유 분당방판,"“,address:”",농가공산품,경기 성남시 분당구 내정로129번길 21,"“,address_detail:”",정자동,"“,latitude:","(37.37279395, 127.11432830000001)"
MarkerInfo(storeName:”,(주)대건미트,"“,address:”",정육점,경기 성남시 분당구 백현로144번길 12,"“,address_detail:”",정자동,"“,latitude:","(37.37287175, 127.11329966043814)"
MarkerInfo(storeName:”,주식회사 그린홈푸드,"“,address:”",농수산물,경기 성남시 분당구 불정로386번길 10,"“,address_detail:”","서현동, 효자촌미래타운아파트","“,latitude:","(37.372939, 127.138965)"
MarkerInfo(storeName:”,용심이네,"“,address:”",농가공산품,경기 성남시 분당구 불정로386번길 10,"“,address_detail:”","서현동, 효자촌미래타운아파트","“,latitude:","(37.372939, 127.138965)"
MarkerInfo(storeName:”,고귀한우,"“,address:”",정육점,경기도 성남시 분당구 불정로386번길 10,"“,address_detail:”",서현동,"“,latitude:","(37.372939, 127.138965)"
MarkerInfo(storeName:”,대광한우,"“,address:”",정육점,경기 성남시 분당구 돌마로486번길 40,"“,address_detail:”",서현동,"“,latitude:","(37.374731249999996, 127.13654643963669)"
MarkerInfo(storeName:”,달인청과,"“,address:”",청과물,경기 성남시 분당구 돌마로486번길 40,"“,address_detail:”",서현동,"“,latitude:","(37.374731249999996, 127.13654643963669)"
MarkerInfo(storeName:”,주식회사 플로리아노,"“,address:”",식품류제조업,경기 성남시 분당구 대왕판교로351번길 6,"“,address_detail:”",궁내동,"“,latitude:","(37.3752245, 127.100929)"
MarkerInfo(storeName:”,킹스미트,"“,address:”",정육점,경기도 성남시 분당구 분당로201번길 17,"“,address_detail:”",,"“,latitude:","(37.3753045, 127.1347544)"
MarkerInfo(storeName:”,진수성찬 반찬가게,"“,address:”",농가공산품,경기 성남시 분당구 내정로173번길 11,"“,address_detail:”",수내동,"“,latitude:","(37.3759028, 127.1178763)"
MarkerInfo(storeName:”,바다의 모든것 팔딱팔딱 수내점,"“,address:”",농수산물,경기 성남시 분당구 내정로173번길 11,"“,address_detail:”","수내동, 양지마을한양아파트","“,latitude:","(37.3759028, 127.1178763)"
MarkerInfo(storeName:”,총각네 떡마을,"“,address:”",농가공산품,경기 성남시 분당구 내정로173번길 11,"“,address_detail:”","수내동, 양지마을한양아파트","“,latitude:","(37.3759028, 127.1178763)"
MarkerInfo(storeName:”,고창복분자,"“,address:”",농수산물,경기 성남시 분당구 불정로426번길 8,"“,address_detail:”",서현동,"“,latitude:","(37.37643465, 127.14106175)"
MarkerInfo(storeName:”,소문난청과,"“,address:”",청과물,경기 성남시 분당구 내정로165번길 38,"“,address_detail:”",",금화상가 지하 38, 수내동","“,latitude:","(37.376703, 127.116195)"
MarkerInfo(storeName:”,현대횡성한우마을,"“,address:”",정육점,경기 성남시 분당구 내정로165번길 38,"“,address_detail:”",",금호상가 지층 61-2, 수내동","“,latitude:","(37.376703, 127.116195)"
MarkerInfo(storeName:”,금호제일떡집,"“,address:”",식품류제조업,경기 성남시 분당구 내정로165번길 38,"“,address_detail:”","수내동, 양지마을금호1단지아파트","“,latitude:","(37.376703, 127.116195)"
MarkerInfo(storeName:”,설기꽃,"“,address:”",농가공산품,경기 성남시 분당구 내정로165번길 38 ,"“,address_detail:”",수내동,"“,latitude:","(37.376703, 127.116195)"
MarkerInfo(storeName:”,새도나영농조합법인,"“,address:”",농수산물,경기 성남시 분당구 황새울로200번길 28,"“,address_detail:”","수내동, 오너스타워","“,latitude:","(37.37679535, 127.11340164560244)"
MarkerInfo(storeName:”,예봄 떡방,"“,address:”",농가공산품,경기 성남시 분당구 백현로 97,"“,address_detail:”","수내동, 분당다운타운","“,latitude:","(37.3768262, 127.11145693073641)"
MarkerInfo(storeName:”,과일공판장,"“,address:”",청과물,경기 성남시 분당구 백현로 97,"“,address_detail:”",수내동,"“,latitude:","(37.3768262, 127.11145693073641)"
MarkerInfo(storeName:”,(주)도드람푸드 도드람미트마켓,"“,address:”",정육점,경기 성남시 분당구 내정로165번길 50,"“,address_detail:”","수내동, 크리스탈빌딩","“,latitude:","(37.37710585, 127.11543027408977)"
MarkerInfo(storeName:”,야채과일가게,"“,address:”",농수산물,경기 성남시 분당구 백현로101번길 20,"“,address_detail:”","수내동, 그린프라자빌딩","“,latitude:","(37.3772638, 127.1130736)"
MarkerInfo(storeName:”,서연유통,"“,address:”",청과물,경기 성남시 분당구 서현로357번길 20,"“,address_detail:”",서현동,"“,latitude:","(37.3776788, 127.13963025)"
MarkerInfo(storeName:”,현대정육점,"“,address:”",정육점,경기 성남시 분당구 중앙공원로40번길 8,"“,address_detail:”","138, 서현동, 현대근린상가","“,latitude:","(37.3794199, 127.1316498)"
MarkerInfo(storeName:”,현대 떡마을,"“,address:”",농가공산품,경기 성남시 분당구 중앙공원로40번길 8,"“,address_detail:”",서현동,"“,latitude:","(37.3794199, 127.1316498)"
MarkerInfo(storeName:”,산애들애,"“,address:”",농수산물,경기 성남시 분당구 중앙공원로40번길 42,"“,address_detail:”",서현동,"“,latitude:","(37.3794199, 127.1316498)"
MarkerInfo(storeName:”,초우소돼지도매센터,"“,address:”",정육점,경기 성남시 분당구 중앙공원로40번길 42,"“,address_detail:”",서현동,"“,latitude:","(37.3794199, 127.1316498)"
MarkerInfo(storeName:”,행복한고기마을,"“,address:”",정육점,경기 성남시 분당구 중앙공원로31번길 42,"“,address_detail:”","서현동, 서현파크프라자","“,latitude:","(37.3818329, 127.1263572)"
MarkerInfo(storeName:”,본춘하추,"“,address:”",농가공산품,경기 성남시 분당구 중앙공원로31번길 42,"“,address_detail:”","서현동, 서현파크플라자","“,latitude:","(37.3818329, 127.1263572)"
MarkerInfo(storeName:”,한샘농산물,"“,address:”",농수산물,경기 성남시 분당구 중앙공원로31번길 42,"“,address_detail:”","서현동, 서현파크플라자","“,latitude:","(37.3818329, 127.1263572)"
MarkerInfo(storeName:”,이두부야서현점,"“,address:”",농가공산품,경기도 성남시 분당구 중앙공원로31번길 42,"“,address_detail:”","서현동,서현파크플라자","“,latitude:","(37.3818329, 127.1263572)"
MarkerInfo(storeName:”,한샘생선집,"“,address:”",농수산물,경기도 성남시 분당구 중앙공원로31번길 42,"“,address_detail:”","서현동, 서현파크플라자","“,latitude:","(37.3818329, 127.1263572)"
MarkerInfo(storeName:”,늘푸레,"“,address:”",청과물,경기 성남시 분당구 수내로 181,"“,address_detail:”",분당동,"“,latitude:","(37.3818485, 127.1164668)"
MarkerInfo(storeName:”,부연정육점,"“,address:”",정육점,경기 성남시 분당구 수내로 201,"“,address_detail:”",분당동,"“,latitude:","(37.3818485, 127.1164668)"
MarkerInfo(storeName:”,소문난 떡집,"“,address:”",농가공산품,경기 성남시 분당구 수내로 181,"“,address_detail:”",분당동,"“,latitude:","(37.3818485, 127.1164668)"
MarkerInfo(storeName:”,(주)한나에프씨(FC),"“,address:”",농가공산품,경기 성남시 분당구 수내로 42,"“,address_detail:”","수내동,두산위브센티움2동210호","“,latitude:","(37.3818485, 127.1164668)"
MarkerInfo(storeName:”,과일대장수내,"“,address:”",청과물,경기도 성남시 분당구 수내로 148,"“,address_detail:”",,"“,latitude:","(37.3818485, 127.1164668)"
MarkerInfo(storeName:”,떡시루,"“,address:”",농가공산품,경기 성남시 분당구 중앙공원로39번길 49,"“,address_detail:”",",지엔느상가 101-3, 서현동","“,latitude:","(37.3824209, 127.1272947)"
MarkerInfo(storeName:”,현미와누룽지,"“,address:”",식품류제조업,경기도 성남시 분당구 중앙공원로39번길 7,"“,address_detail:”","서현동,삼성.한신근린상가","“,latitude:","(37.3824209, 127.1272947)"
MarkerInfo(storeName:”,태평선식 기름집,"“,address:”",식품류제조업,경기 성남시 분당구 중앙공원로 53,"“,address_detail:”",서현동,"“,latitude:","(37.382904, 127.1322702)"
MarkerInfo(storeName:”,주식회사 둥지이야기,"“,address:”",식품류제조업,경기 성남시 분당구 판교역로10번길 14-3,"“,address_detail:”",백현동,"“,latitude:","(37.38497235, 127.11195515)"
MarkerInfo(storeName:”,현대떡방앗간,"“,address:”",농가공산품,경기 성남시 분당구 성남대로 165,"“,address_detail:”","금곡동, 천사의도시1차지","“,latitude:","(37.3862355, 127.126931)"
MarkerInfo(storeName:”,명품한우,"“,address:”",정육점,경기 성남시 분당구 성남대로 393,"“,address_detail:”","정자동, 두산위브파빌리온","“,latitude:","(37.3862355, 127.126931)"
MarkerInfo(storeName:”,인더치,"“,address:”",식품류제조업,경기 성남시 분당구 성남대로 393,"“,address_detail:”","정자동, 두산위브파빌리온","“,latitude:","(37.3862355, 127.126931)"
MarkerInfo(storeName:”,주식회사 물가안정,"“,address:”",농수산물,경기 성남시 분당구 성남대로 165,"“,address_detail:”",금곡동,"“,latitude:","(37.3862355, 127.126931)"
MarkerInfo(storeName:”,명품한우,"“,address:”",정육점,경기 성남시 분당구 판교원로 209,"“,address_detail:”","판교동, 판교원마을6단지아파트","“,latitude:","(37.3872117, 127.0902106)"
MarkerInfo(storeName:”,소담과일상회,"“,address:”",청과물,경기도 성남시 분당구 서현로180번길 19,"“,address_detail:”",서현동 비전월드,"“,latitude:","(37.38729505, 127.12242611402075)"
MarkerInfo(storeName:”,삼성정육점,"“,address:”",정육점,경기 성남시 분당구 양현로 220,"“,address_detail:”",",101, 이매동, 삼성상가아파트","“,latitude:","(37.387706, 127.1203123)"
MarkerInfo(storeName:”,삼성방앗간,"“,address:”",농가공산품,경기 성남시 분당구 양현로 220,"“,address_detail:”",이매동,"“,latitude:","(37.387706, 127.1203123)"
MarkerInfo(storeName:”,수라청,"“,address:”",식품류제조업,경기 성남시 분당구 서현로 184,"“,address_detail:”",",101-3, 서현동, 분당엘지에클라트","“,latitude:","(37.3883885, 127.1239635)"
MarkerInfo(storeName:”,과일정거장,"“,address:”",농수산물,경기 성남시 분당구 동판교로 59,"“,address_detail:”",백현동,"“,latitude:","(37.3884184, 127.1150953)"
MarkerInfo(storeName:”,백현한우마을,"“,address:”",정육점,경기 성남시 분당구 동판교로 59,"“,address_detail:”",백현동,"“,latitude:","(37.3884184, 127.1150953)"
MarkerInfo(storeName:”,맘결떡방,"“,address:”",농가공산품,경기 성남시 분당구 동판교로 61,"“,address_detail:”","백현동, 판교자유퍼스트프라자2","“,latitude:","(37.3884716, 127.1154761)"
MarkerInfo(storeName:”,푸른숲 판교,"“,address:”",청과물,경기도 성남시 분당구 운중로267번길 4-12,"“,address_detail:”",,"“,latitude:","(37.3890534, 127.09386036220003)"
MarkerInfo(storeName:”,희동 아뜰리에,"“,address:”",식품류제조업,경기 성남시 분당구 판교공원로2길 33,"“,address_detail:”",판교동,"“,latitude:","(37.3893983, 127.0928082)"
MarkerInfo(storeName:”,오떡해,"“,address:”",농가공산품,경기도 성남시 분당구 판교공원로5길 26,"“,address_detail:”",,"“,latitude:","(37.3903599, 127.0900838)"
MarkerInfo(storeName:”,떡사랑,"“,address:”",식품류제조업,경기 성남시 분당구 양현로94번길 19,"“,address_detail:”","이매동, 새남서울조합상가","“,latitude:","(37.3907172, 127.1262382)"
MarkerInfo(storeName:”,행복한마을,"“,address:”",농수산물,경기 성남시 분당구 양현로94번길 11,"“,address_detail:”",이매동,"“,latitude:","(37.3907172, 127.1262382)"
MarkerInfo(storeName:”,이매축산,"“,address:”",정육점,경기도 성남시 분당구 양현로94번길 11,"“,address_detail:”",,"“,latitude:","(37.3907172, 127.1262382)"
MarkerInfo(storeName:”,행운떡집,"“,address:”",농가공산품,경기 성남시 분당구 운중로138번길 35,"“,address_detail:”",운중동,"“,latitude:","(37.390850900000004, 127.0759271)"
MarkerInfo(storeName:”,초심한우정육,"“,address:”",정육점,경기 성남시 분당구 운중로146번길 15-6,"“,address_detail:”",운중동,"“,latitude:","(37.39090005, 127.08042532444063)"
MarkerInfo(storeName:”,뜰사랑,"“,address:”",식품류제조업,경기 성남시 분당구 운중로138번길 24-5,"“,address_detail:”",운중동,"“,latitude:","(37.3909207, 127.07674115)"
MarkerInfo(storeName:”,(주)일로집,"“,address:”",정육점,경기 성남시 분당구 판교역로 109 ,"“,address_detail:”",백현동,"“,latitude:","(37.39098285, 127.10869593620416)"
MarkerInfo(storeName:”,코코랩,"“,address:”",식품류제조업,경기도 성남시 분당구 운중로233번길 17-5,"“,address_detail:”",판교동,"“,latitude:","(37.391406849999996, 127.08912039425515)"
MarkerInfo(storeName:”,대박축산,"“,address:”",정육점,경기도 성남시 분당구 운중로 1241,"“,address_detail:”",,"“,latitude:","(37.3915395, 127.0665087)"
MarkerInfo(storeName:”,한신과일,"“,address:”",청과물,경기도 성남시 분당구 서현로 181,"“,address_detail:”","이매동,이매촌한신@","“,latitude:","(37.3916184, 127.112729)"
MarkerInfo(storeName:”,선경정육점,"“,address:”",정육점,경기 성남시 분당구 이매로 11,"“,address_detail:”",",아름마을 상가 1층, 이매동","“,latitude:","(37.3916781, 127.1329664)"
MarkerInfo(storeName:”,명가떡방,"“,address:”",농가공산품,경기 성남시 분당구 하오개로351번길 8,"“,address_detail:”",운중동,"“,latitude:","(37.3938363, 127.0564004)"
MarkerInfo(storeName:”,주식회사 영진유통,"“,address:”",정육점,경기 성남시 분당구 이매로 13,"“,address_detail:”","이매동, 뉴-선경프라자","“,latitude:","(37.394986200000005, 127.12214402903726)"
MarkerInfo(storeName:”,시루,"“,address:”",농가공산품,경기 성남시 분당구 대왕판교로606번길 58,"“,address_detail:”","삼평동, 판교푸르지오월드마크","“,latitude:","(37.3960191, 127.1133198)"
MarkerInfo(storeName:”,퐁당퐁당,"“,address:”",식품류제조업,경기 성남시 분당구 대왕판교로606번길 45,"“,address_detail:”",삼평동,"“,latitude:","(37.3968416, 127.11187048286632)"
MarkerInfo(storeName:”,아름정육점,"“,address:”",정육점,경기 성남시 분당구 탄천로 95,"“,address_detail:”",",아름마을상가 001, 이매동","“,latitude:","(37.3968866, 127.1235399)"
MarkerInfo(storeName:”,주식회사 남풍상회,"“,address:”",정육점,경기 성남시 분당구 분당내곡로 151,"“,address_detail:”","삼평동, 삼도타워","“,latitude:","(37.39735605, 127.11254975)"
MarkerInfo(storeName:”,엔프리마켓,"“,address:”",농수산물,경기 성남시 분당구 방아로 25,"“,address_detail:”",이매동,"“,latitude:","(37.398606400000006, 127.13152535)"
MarkerInfo(storeName:”,동산떡방앗간,"“,address:”",농가공산품,경기 성남시 분당구 성남대로779번길 54,"“,address_detail:”",이매동,"“,latitude:","(37.3991568, 127.127474)"
MarkerInfo(storeName:”,한우홀릭정육점,"“,address:”",정육점,경기도 성남시 분당구 서판교로 154,"“,address_detail:”",,"“,latitude:","(37.39978585, 127.09519058036894)"
MarkerInfo(storeName:”,안심축산물전문점 (판교백현점),"“,address:”",정육점,경기 성남시 분당구 동판교로 92,"“,address_detail:”","백현동, 백현마을3단지아파트","“,latitude:","(37.4019933, 127.1168905)"
MarkerInfo(storeName:”,푸른숲,"“,address:”",청과물,경기도 성남시 분당구 동판교로 212,"“,address_detail:”",,"“,latitude:","(37.4019933, 127.1168905)"
MarkerInfo(storeName:”,낙원떡집,"“,address:”",농가공산품,경기 성남시 분당구 판교로 432,"“,address_detail:”","이매동, 제일프라자","“,latitude:","(37.403215, 127.1038941)"
MarkerInfo(storeName:”,대우식품,"“,address:”",농수산물,경기 성남시 분당구 판교로 421,"“,address_detail:”","야탑동, 탑마을대우아파트","“,latitude:","(37.403215, 127.1038941)"
MarkerInfo(storeName:”,한우가 와! 축산,"“,address:”",정육점,경기 성남시 분당구 판교로 430,"“,address_detail:”","이매동, 아름마을아파트","“,latitude:","(37.403215, 127.1038941)"
MarkerInfo(storeName:”,좋은고기나라,"“,address:”",정육점,경기 성남시 분당구 판교로 430,"“,address_detail:”","이매동, 아름마을아파트","“,latitude:","(37.403215, 127.1038941)"
MarkerInfo(storeName:”,분당청과,"“,address:”",청과물,경기도 성남시 분당구 판교로 430,"“,address_detail:”",,"“,latitude:","(37.403215, 127.1038941)"
MarkerInfo(storeName:”,아낌없는 푸줏간,"“,address:”",정육점,경기도 성남시 분당구 판교로 43,"“,address_detail:”","야탑동,제일빌딩","“,latitude:","(37.403215, 127.1038941)"
MarkerInfo(storeName:”,삼둥이네 푸줏간,"“,address:”",정육점,경기 성남시 분당구 판교로 375,"“,address_detail:”",삼평동,"“,latitude:","(37.40411065, 127.11520994927932)"
MarkerInfo(storeName:”,주식회사애그미트,"“,address:”",정육점,경기 성남시 분당구 대왕판교로 243,"“,address_detail:”",궁내동,"“,latitude:","(37.4052552, 127.1033889)"
MarkerInfo(storeName:”,파크한방과건강,"“,address:”",농수산물,경기도 성남시 분당구 성남대로858번길 8,"“,address_detail:”",야탑동,"“,latitude:","(37.40600655, 127.12962297421566)"
MarkerInfo(storeName:”,오행생식,"“,address:”",농가공산품,경기 성남시 분당구 판교로 519,"“,address_detail:”","야탑동, 탑마을경남아너스빌아파트","“,latitude:","(37.40720605, 127.13267302258444)"
MarkerInfo(storeName:”,낙원,"“,address:”",정육점,경기 성남시 분당구 야탑로 108,"“,address_detail:”",",경남상가 1층 114, 야탑동","“,latitude:","(37.40909905, 127.13868049999999)"
MarkerInfo(storeName:”,경남떡방앗간,"“,address:”",농가공산품,경기 성남시 분당구 야탑로 108,"“,address_detail:”",",경남상가 지하, 야탑동","“,latitude:","(37.40909905, 127.13868049999999)"
MarkerInfo(storeName:”,네모마트,"“,address:”",농수산물,경기 성남시 분당구 벌말로30번길 46,"“,address_detail:”","야탑동, 포레스트하우스","“,latitude:","(37.40942065, 127.14250426172805)"
MarkerInfo(storeName:”,열두광주리,"“,address:”",농가공산품,경기 성남시 분당구 야탑로 72,"“,address_detail:”","야탑동, 에이스주차장빌딩","“,latitude:","(37.4095692, 127.12681405000001)"
MarkerInfo(storeName:”,대성물류,"“,address:”",농수산물,경기 성남시 분당구 야탑로139번길 1-1,"“,address_detail:”",야탑동,"“,latitude:","(37.4098686, 127.13424025)"
MarkerInfo(storeName:”,한아름축산,"“,address:”",정육점,경기 성남시 분당구 성남대로916번길 20,"“,address_detail:”","야탑동, 노블리치1오피스텔","“,latitude:","(37.410156900000004, 127.1297781)"
MarkerInfo(storeName:”,프로포즈 야탑,"“,address:”",농수산물,경기 성남시 분당구 성남대로916번길 20,"“,address_detail:”",야탑동,"“,latitude:","(37.410156900000004, 127.1297781)"
MarkerInfo(storeName:”,주식회사고려인삼창영,"“,address:”",농수산물,경기 성남시 분당구 야탑로139번길 6-13,"“,address_detail:”",야탑동,"“,latitude:","(37.41022015, 127.1351908)"
MarkerInfo(storeName:”,주식회사 굿모닝성남푸드,"“,address:”",정육점,경기 성남시 분당구 야탑로167번길 10,"“,address_detail:”",야탑동,"“,latitude:","(37.4104106, 127.13772857458224)"
MarkerInfo(storeName:”,한우물,"“,address:”",정육점,경기 성남시 분당구 매화로 38,"“,address_detail:”","야탑동, 성우오피스빌딩","“,latitude:","(37.41101655, 127.13417343317076)"
MarkerInfo(storeName:”,정성떡집,"“,address:”",농가공산품,경기 성남시 분당구 벌말로 33,"“,address_detail:”","야탑동, 일심조합상가","“,latitude:","(37.4110253, 127.13793705662161)"
MarkerInfo(storeName:”,(주)행복도시락 성남점,"“,address:”",식품류제조업,경기 성남시 분당구 벌말로 10,"“,address_detail:”","야탑동, 목련주공아파트","“,latitude:","(37.411473, 127.1383167)"
MarkerInfo(storeName:”,한우왔소(사철직영점),"“,address:”",정육점,경기도 성남시 분당구 매화로 43,"“,address_detail:”",,"“,latitude:","(37.41148, 127.1336244)"
MarkerInfo(storeName:”,FD대리점,"“,address:”",농가공산품,경기도 성남시 분당구 벌말로50번길 9,"“,address_detail:”","야탑동, 청구빌라분산상가","“,latitude:","(37.4117627, 127.1408875)"
MarkerInfo(storeName:”,부흥축산도매센터,"“,address:”",정육점,경기 성남시 분당구 벌말로 44,"“,address_detail:”",야탑동,"“,latitude:","(37.41184835, 127.13863889999999)"
MarkerInfo(storeName:”,금송한우갈비,"“,address:”",정육점,경기 성남시 분당구 장미로92번길 13-2,"“,address_detail:”",야탑동,"“,latitude:","(37.41223185, 127.13093476024352)"
MarkerInfo(storeName:”,다래농원,"“,address:”",농수산물,경기 성남시 분당구 장미로 198,"“,address_detail:”","야탑동, 아델파크빌","“,latitude:","(37.41249365, 127.14299789083977)"
MarkerInfo(storeName:”,장미정육점,"“,address:”",정육점,경기 성남시 분당구 장미로 55,"“,address_detail:”",",195동 103호, 야탑동, 동부근린아파트","“,latitude:","(37.4134109, 127.1331151)"
MarkerInfo(storeName:”,뉴매화정육점,"“,address:”",정육점,경기 성남시 분당구 장미로 189,"“,address_detail:”",",근린상가 115, 야탑동","“,latitude:","(37.4134109, 127.1331151)"
MarkerInfo(storeName:”,서울떡방,"“,address:”",농가공산품,경기 성남시 분당구 장미로 101,"“,address_detail:”","야탑동, 장미마을현대아파트","“,latitude:","(37.4134109, 127.1331151)"
MarkerInfo(storeName:”,덕우과일,"“,address:”",농수산물,경기 성남시 분당구 장미로 139,"“,address_detail:”","야탑동, 매화마을주공2단지아파트","“,latitude:","(37.4134109, 127.1331151)"
MarkerInfo(storeName:”,"우리쌀떡,빵","“,address:”",식품류제조업,경기 성남시 분당구 장미로 139,"“,address_detail:”","야탑동, 매화마을주공2단지아파트","“,latitude:","(37.4134109, 127.1331151)"
MarkerInfo(storeName:”,농업회사법인현준주식회사,"“,address:”",농수산물,경기 성남시 분당구 장미로 42,"“,address_detail:”","야탑동, 야탑리더스","“,latitude:","(37.4134109, 127.1331151)"
MarkerInfo(storeName:”,우리농산물,"“,address:”",농수산물,경기도 성남시 분당구 장미로 101,"“,address_detail:”",,"“,latitude:","(37.4134109, 127.1331151)"
MarkerInfo(storeName:”,홍박사정육점,"“,address:”",정육점,경기 성남시 분당구 양현로 447,"“,address_detail:”",야탑동,"“,latitude:","(37.4171203, 127.1318894)"
