"예본건강","인삼 및 건강제품","경기 성남시 분당구 정자동48-10 102",""
"풀무원분당영업소","인삼 및 건강제품","경기 성남시 분당구 성남대로779번길 13,401호","이매동, 오성프라자"
"백합마트","할인점/슈퍼마켓","경기 성남시 분당구 양현로 509,103호 그린상가 백합마트 매화마을","야탑동"
"성남농협정자지소","농협(마트)","경기 성남시 분당구 느티로 73","정자동"
"한솔마트","할인점/슈퍼마켓","경기 성남시 분당구 정자동주공7단지",""
"하이나리","할인점/슈퍼마켓","경기 성남시 분당구 내정로166번길 42,돌고래상가 122호","수내동"
"성남농협야탑역지점","농협(마트)","경기 성남시 분당구 야탑동513-1번지",""
"금호건강원","인삼 및 건강제품","경기 성남시 분당구 내정로165번길 38,금호상가 지하 44-1","수내동"
"성남농업협동조합초림역지소","농협(마트)","경기 성남시 분당구 백현로101번길 22","수내동"
"낙생농업협동조합","농협(마트)","경기 성남시 분당구 판교동342-10번지",""
"하나유통","할인점/슈퍼마켓","경기 성남시 분당구 매화로 92","야탑동"
"새분당건강생활","인삼 및 건강제품","경기 성남시 분당구 돌마로 87,803호","금곡동, 골드프라자"
"(주)농협하나로유통 성남농산물 종합유통센터","농협(마트)","경기 성남시 분당구 구미동174",""
"경희슈퍼","할인점/슈퍼마켓","경기 성남시 분당구 야탑로69번길 3,1층 101","야탑동, 강남프라자"
"낙생농업협동조합","미곡상","경기 성남시 분당구 판교동342-10",""
"(주)엠서클","인삼 및 건강제품","경기 성남시 분당구 장미로 36,5층 C-15","야탑동, 지엔지빌딩"
"동경마트","할인점/슈퍼마켓","경기 성남시 분당구 내정로119번길 40","정자동"
"주민두레소비자생활협동조합","할인점/슈퍼마켓","경기 성남시 분당구 정자동223-5 지층,1층",""
"베스토아","할인점/슈퍼마켓","경기 성남시 분당구 내정로 172,101","수내동"
"무지개슈퍼","할인점/슈퍼마켓","경기 성남시 분당구 미금로 68,분산상가 101","구미동"
"루비","인삼 및 건강제품","경기 성남시 분당구 내정로165번길 38,602동 132호","수내동, 양지마을금호1단지아파트"
"돌고래쌀집","미곡상","경기 성남시 분당구 내정로174번길 42,돌고래상가 142","수내동"
"금곡수퍼마켓","할인점/슈퍼마켓","경기 성남시 분당구 정자일로 72,108 109","금곡동"
"정든슈퍼","할인점/슈퍼마켓","경기 성남시 분당구 불정로 195","정자동"
"(주)올가홀푸드이매점","할인점/슈퍼마켓","경기 성남시 분당구 이매로 49,1층","이매동, 주영빌딩"
"썬마트","편의점","경기 성남시 분당구 분당로53번길 20,1층 109호","서현동, 이랜드분당프라자"
"한화호텔앤드리조트(주)한국가스공사점","할인점/슈퍼마켓","경기 성남시 분당구 돌마로 171","정자동"
"더블유에이치유통","식품잡화","경기 성남시 분당구 황새울로258번길 36,1층 110 111호","수내동, 광진빌딩"
"SK텔레콤연구원 구내매점","할인점/슈퍼마켓","경기 성남시 분당구 황새울로258번길 6","수내동"
"이마트24 분당경남","할인점/슈퍼마켓","경기 성남시 분당구 야탑로 108,경남상가 1층 103","야탑동"
"솔라","할인점/슈퍼마켓","경기 성남시 분당구 구미동175대한주택공사내할인매장",""
"25시편의점","편의점","경기 성남시 분당구 구미로9번길 1,106","구미동, 향정프라자"
"코코블루","편의점","경기 성남시 분당구 서현로210번길 20,지하2층","서현동, 코코프라자"
"메디파크건강식품","인삼 및 건강제품","경기 성남시 분당구 돌마로 43,4층","금곡동, 메디파크빌딩"
"초림마트","식품잡화","경기 성남시 분당구 수내동38-5",""
"그린공판장","식품잡화","경기 성남시 분당구 양현로 539,지하","야탑동"
"광명마트","할인점/슈퍼마켓","경기 성남시 분당구 선지봉로6번길 2,광명마트","분당동"
"편의점사랑정자역점","편의점","경기 성남시 분당구 성남대로331번길 3-3,110","정자동, 젤존타워"
"김종찬 헬스샵","인삼 및 건강제품","경기 성남시 분당구 성남대로 389,플라리스 303","정자동"
"정관장 홍삼 수내역점","인삼 및 건강제품","경기 성남시 분당구 백현로101번길 16,108","수내동, 대덕프라자"
"산삼골","인삼 및 건강제품","경기 성남시 분당구 정자동527",""
"SNI 분당","식품잡화","경기 성남시 분당구 구미로 16,성수스타우스내 1층 상가 129","구미동"
"한국농산","미곡상","경기 성남시 분당구 불곡남로13번길 10,102","정자동"
"동방식품","식품잡화","경기 성남시 분당구 석운로62번길 17","석운동"
"씨유분당목련점","편의점","경기 성남시 분당구 야탑로 243","야탑동"
"씨유분당이매점","편의점","경기 성남시 분당구 야탑남로 12","이매동"
"의료법인늘푸른의료재단","편의점","경기 성남시 분당구 대왕판교로 155-7","금곡동"
"오복떡방아간","미곡상","경기 성남시 분당구 장미로 55,지하상가 111호","야탑동, 동부코오롱아파트"
"아름슈퍼","할인점/슈퍼마켓","경기 성남시 분당구 야탑로 124,벽산상가 127","야탑동"
"한살림성남용인소비자생협정자매장","할인점/슈퍼마켓","경기 성남시 분당구 내정로129번길 37,1층","정자동"
"중앙마트","할인점/슈퍼마켓","경기 성남시 분당구 수내로 201,단지내분산상가 104","분당동, 샛별마을삼부아파트"
"현대슈퍼","할인점/슈퍼마켓","경기 성남시 분당구 야탑동34번지 장미현대아파트 3102",""
"(주) 치어스","식품잡화","경기 성남시 분당구 성남대로331번길 3-9,3411","정자동, 백궁프라자"
"의연식품","식품잡화","경기 성남시 분당구 성남대로925번길 16,지하2층 930 931호","야탑동, 테마폴리스"
"분당건강식품","인삼 및 건강제품","경기 성남시 분당구 돌마로 86","구미동"
"그린마트","식품잡화","경기 성남시 분당구 궁내동192-2번지 107",""
"럭키슈퍼","할인점/슈퍼마켓","경기 성남시 분당구 백현로 206-1,103","정자동, 한솔주공4단지"
"대우슈퍼","할인점/슈퍼마켓","경기 성남시 분당구 판교로 421","야탑동"
"이마트24 분당이매삼성점","편의점","경기 성남시 분당구 이매동100-1번지 이매촌삼성아파트상가 C동 101",""
"(주)휴리체","인삼 및 건강제품","경기 성남시 분당구 정자일로 248,1층 111","정자동, 파크뷰"
"(주)한국산삼감정협회","인삼 및 건강제품","경기 성남시 분당구 탄천로 215,성남제2종합운동장내","야탑동"
"지유명차 분당차예관","식품잡화","경기 성남시 분당구 서현로239번길 3-4,1층","서현동"
"현대슈퍼","할인점/슈퍼마켓","경기 성남시 분당구 중앙공원로 20,현대분산상가 1층 402","서현동"
"베스트올(야탑쌍용점)","편의점","경기 성남시 분당구 양현로 254,분상상가 101 102","야탑동"
"그린마트","식품잡화","경기 성남시 분당구 장미로 189,매화마을근린상가 105","야탑동"
"금릉할인마트","할인점/슈퍼마켓","경기 성남시 분당구 서현1동 307",""
"비타민하우스성남지사","인삼 및 건강제품","경기 성남시 분당구 서현로 170,A동 1221호","서현동, 풍림아이원플러스"
"(주)명인상사","식품잡화","경기 성남시 분당구 성남대로 393,B동 313호","정자동, 두산위브파빌리온"
"진로석수신분당","식품잡화","경기 성남시 분당구 백현로156번길 1","정자동"
"(주)농협하나로유통 성남농산물 종합유통센터","농협(마트)","경기 성남시 분당구 구미동174번지",""
"뉴트롬","인삼 및 건강제품","경기 성남시 분당구 분당로53번길 9","서현동"
"무지개슈퍼","할인점/슈퍼마켓","경기 성남시 분당구 구미로 143,104호 108호","구미동, 무지개마을라이프아파트"
"(주)에스엠인프라넷","식품잡화","경기 성남시 분당구 대왕판교로385번길 8,1층","백현동"
"양지반찬점","식품잡화","경기 성남시 분당구 내정로165번길 38","수내동"
"다원유통","식품잡화","경기 성남시 분당구 안골로 17-5,102","서현동, 다세대"
"한살림성남용인소비자생협 서현매장","할인점/슈퍼마켓","경기 성남시 분당구 새마을로1번길 6,1층","서현동"
"농업회사법인 좋은이웃 주식회사","미곡상","경기 성남시 분당구 야탑남로 124","야탑동"
"HM24편의점","편의점","경기 성남시 분당구 운중로126번길 5,101","운중동"
"성남농협 송현지점","농협(마트)","경기 성남시 분당구 동판교로 226,세에이 상가 105","삼평동, 봇들마을"
"(주)한국 파마링크","인삼 및 건강제품","경기 성남시 분당구 서현로 170,T1302호","서현동, 풍림아이원플러스"
"양지뜰","식품잡화","경기 성남시 분당구 정자로76번길 5,1층 5호 일부","정자동, 성남상가"
"백현할인홈마트","할인점/슈퍼마켓","경기 성남시 분당구 판교역로 102","백현동, 백현마을5단지아파트"
"정관장분당동점","인삼 및 건강제품","경기 성남시 분당구 분당로263번길 39,111호","서현동"
"세븐일레븐판교백현점","편의점","경기 성남시 분당구 동판교로 122,상가 101호","백현동, 백현마을2단지아파트"
"하모니마트 구미점","할인점/슈퍼마켓","경기 성남시 분당구 미금로33번길 18","구미동"
"소백코리아","인삼 및 건강제품","경기 성남시 분당구 돌마로 80,320","구미동, 분당현대벤쳐빌"
"형제슈퍼","식품잡화","경기 성남시 분당구 중앙공원로 54,우성분산상가 233-106","서현동"
"한살림성남용인소비자생협 판교매장","농협(마트)","경기 성남시 분당구 운중로267번길 4-10","판교동"
"휴먼24시 (서판교점)","편의점","경기 성남시 분당구 운중로267번길 3-10","판교동"
"IGA서판교점","할인점/슈퍼마켓","경기 성남시 분당구 운중로 233","판교동"
"남분당가맹점","식품잡화","경기 성남시 분당구 백현로 206,408동 301호","정자동, 한솔마을주공4단지아파트"
"굿데이편의점","편의점","경기 성남시 분당구 서현로180번길 26,1층 101호","서현동, 아름빌딩"
"경기성남만남지역자활센터","연쇄점","경기 성남시 분당구 문정로 145","율동"
"경기성남지역자활센터착한매점","편의점","경기 성남시 분당구 문정로 145","율동"
"행복한식탁","식품잡화","경기 성남시 분당구 수내동53 파크타운주상복합상가167-170,174-177",""
"(주)뱅가드","편의점","경기 성남시 분당구 분당로 43","서현동"
"삼평마트","할인점/슈퍼마켓","경기 성남시 분당구 판교로 182-7,1층 일부","판교동"
"도깨비식자재마트(분당점)","식품잡화","경기 성남시 분당구 금곡동 161천사의도시 1차 지하1층",""
"효자반찬","식품잡화","경기 성남시 분당구 불정로376번길 37,지하1층 16","서현동, 범한프라자"
"24T BLVD","식품잡화","경기 성남시 분당구 성남대로 393,B동 1813호","정자동, 두산위브파빌리온"
"GS25판교운중점","편의점","경기 성남시 분당구 하오개로 362,104호","운중동, 효림빌딩"
"GS25분당이매역점","편의점","경기 성남시 분당구 방아로 8,1층","이매동, 매송빌딩"
"서울하이패스센터 쉼터","편의점","경기 성남시 분당구 궁내동257-20번지",""
"몬스터커피","식품잡화","경기 성남시 분당구 탄천상로 164,A-126","구미동, 시그마2오피스텔"
"동아유통","할인점/슈퍼마켓","경기 성남시 분당구 백현로 206,한솔근린상가 108","정자동"
"하모니마트","할인점/슈퍼마켓","경기 성남시 분당구 서현동 305-4대동빌딩 1층",""
"GS25 분당백현점","편의점","경기 성남시 분당구 대왕판교로 387,101호","백현동"
"포스코아이씨티 Mash up","연쇄점","경기 성남시 분당구 삼평동622번지 2층",""
"퍼스트소아청소년","인삼 및 건강제품","경기 성남시 분당구 동판교로 59,1-405","백현동, 자유퍼스트프라자"
"텐퍼센트 판교역점","편의점","경기 성남시 분당구 대왕판교로606번길 39,107호","삼평동, 럭스타워"
"한스(판교)","식품잡화","경기 성남시 분당구 운중로267번길 4-8","판교동"
"주식회사 유니버셜코리아","식품잡화","경기 성남시 분당구 성남대로43번길 10,205호 206호","구미동, 하나EZ타워"
"소프텍어드벤스","인삼 및 건강제품","경기 성남시 분당구 야탑로75번길 9404호","야탑동, 금호프라자"
"마임 분당 상탑지사","인삼 및 건강제품","경기 성남시 분당구 성남대로925번길 19,307","야탑동, 터미널프라자"
"한살림성남용인소비자생활협동조","할인점/슈퍼마켓","경기 성남시 분당구 구미로116번길 5,1층","구미동, 수빌딩"
"더스페셜","식품잡화","경기 성남시 분당구 벌말로29번길 20,상가 1층 101호","야탑동"
"우리유기농","할인점/슈퍼마켓","경기 성남시 분당구 미금로33번길 12,1층","구미동, 썬미디어빌딩"
"주호","인삼 및 건강제품","경기 성남시 분당구 성남대로 345,405","정자동, 정자역프라자"
"청구마트","할인점/슈퍼마켓","경기 성남시 분당구 불정로 219,근린상가 105","정자동"
"재단법인 케이티그룹희망나눔재단분당","식품잡화","경기 성남시 분당구 불정로 90","정자동"
"그린음료","식품잡화","경기 성남시 분당구 발이봉남로3번길 6,1층","수내동, 대목빌딩"
"하모니마트 수내점","할인점/슈퍼마켓","경기 성남시 분당구 황새울로200번길 40","수내동"
"해리아","식품잡화","경기 성남시 분당구 미금일로90번길 11,204동 405호","구미동, 까치마을금성백조연립"
"주식회사 오아시스 분당본점","식품잡화","경기 성남시 분당구 정자일로 15,1층","금곡동"
"뉴동방상사","식품잡화","경기 성남시 분당구 석운로164번길 6뉴동방상사","석운동"
"주식회사 그린스토어","인삼 및 건강제품","경기 성남시 분당구 느티로 16,807호","정자동"
"(주)기센코리아","식품잡화","경기 성남시 분당구 새마을로165번길 8 ,지1,1층","율동"
"판교낙생농업협동조합 하나로마트","농협(마트)","경기 성남시 분당구 서판교로32번길 7","판교동"
"진일상사","할인점/슈퍼마켓","경기 성남시 분당구 수내로 201진일상사","분당동, 샛별마을삼부아파트"
"메이드인프랑스","식품잡화","경기 성남시 분당구 불정로376번길 37","서현동,범한프라자1층120호"
"연세아름","인삼 및 건강제품","경기 성남시 분당구 판교로 442402호 우일파르자","이매동"
"사단법인국제사랑의봉사단","인삼 및 건강제품","경기 성남시 분당구 분당내곡로 151,8층","삼평동"
"메디포스트(주)","인삼 및 건강제품","경기 성남시 분당구 대왕판교로644번길 21","삼평동"
"태영홈마트","할인점/슈퍼마켓","경기 성남시 분당구 판교원로82번길 30101호","운중동, 산운마을13단지아파트"
"(주)차바이오에프앤씨","인삼 및 건강제품","경기 성남시 분당구 판교로 335,6층","삼평동"
"스타편의점","할인점/슈퍼마켓","경기 성남시 분당구 정자일로 121D14호","정자동, 더샵스타파크"
"청솔매점","식품잡화","경기 성남시 분당구 성남대로779번길 16청솔매점","이매동"
"안아픈세상","인삼 및 건강제품","경기 성남시 분당구 느티로 702층 성산빌딩","정자동"
"믿음반찬","식품잡화","경기 성남시 분당구 내정로174번길 42112","수내동,파크타운주상복합상가"
"풀무원푸드앤컬처 엔에이치앤","식품잡화","경기 성남시 분당구 불정로 6",""
"세자매찬방","식품잡화","경기 성남시 분당구 내정로174번길 42148호","수내동, 파크타운"
"씨유야탑타운점","편의점","경기 성남시 분당구 장미로156번길 6","야탑동"
"마젤커피공작소","식품잡화","경기 성남시 분당구 내정로 186104","수내동,파크타운난초상가"
"제이투코리아","식품잡화","경기 성남시 분당구 서현로210번길 1305","서현동,보람코아"
"분당서울안과의원","인삼 및 건강제품","경기 성남시 분당구 분당로53번길 20,5층 501호 일부","서현동, 이랜드분당프라자"
"(주)아리바이오","인삼 및 건강제품","경기 성남시 분당구 동판교로 56","백현동, 아리바이오빌딩"
"푸르 무아 커피","식품잡화","경기 성남시 분당구 성남대로 170 ,109호, 108-2호","금곡동"
"튼튼마디","인삼 및 건강제품","경기 성남시 분당구 서현로 184203","서현동,분당LG메디오상가"
"한세성모","인삼 및 건강제품","경기 성남시 분당구 성남대로 449A-801","정자동,로얄팰리스"
"맛나반찬","식품잡화","경기 성남시 분당구 미금로 184,지하상가 11호 맛나반찬","구미동"
"맛있는다이어트클럽","인삼 및 건강제품","경기 성남시 분당구 돌마로 3611층 112호 동신코아빌딩","수내동"
"강화홍삼","인삼 및 건강제품","경기 성남시 분당구 양현로94번길 29상가동-120 이매촌",""
"주식회사 피디에이치아이엔씨","인삼 및 건강제품","경기 성남시 분당구 장미로86번길 6,302호","야탑동, 우리빌딩"
"석운매점","식품잡화","경기 성남시 분당구 석운로202번길 7","석운동,B동1층"
"이노밸리판교사내매점","식품잡화","경기 성남시 분당구 판교로253","상평동,이노밸리C동지하1층"
"한살림성남용인소비자생활협동조합동판교백","할인점/슈퍼마켓","경기 성남시 분당구 판교역로2번길 37,매장","백현동"
"씨유분당백현점","편의점","경기 성남시 분당구 동판교로52번길 19,1층 101호","백현동"
"은솔유통","식품잡화","경기 성남시 분당구 판교로50 103-404","판교동,판교원마을"
"야탑홈마트","할인점/슈퍼마켓","경기 성남시 분당구 야탑로 241,1층","야탑동, 천궁빌딩"
"(주)게인플러스","식품잡화","경기 성남시 분당구 야탑로 103,517호","야탑동"
"(주)비엘","식품잡화","경기 성남시 분당구 운중로138번길 7,1층 일부","운중동"
"(주)차바이오에프앤씨분당지점","인삼 및 건강제품","경기 성남시 분당구 야탑로59","야탑동"
"엄마손반찬","식품잡화","경기 성남시 분당구 내정로165번길38","수내동,양지마을602동상가지층13호"
"(주)이투힐에프이앤디","식품잡화","경기 성남시 분당구 매화로 55,301호 302호","야탑동"
"농축산마트","할인점/슈퍼마켓","경기 성남시 분당구 야탑남로 143,104호 상가","야탑동, 목련마을주공1단지아파트"
"공감나누미","식품잡화","경기 성남시 분당구 성남대로 381,505호 506 폴라리스빌딩","정자동"
"총각네야채가게 정자파크뷰","할인점/슈퍼마켓","경기 성남시 분당구 정자일로 234,106호","정자동, 태남프라자"
"이 제이 메디컬","인삼 및 건강제품","경기 성남시 분당구 성남대로779번길 52,301호","이매동"
"주식회사 세계로마트 야탑점","할인점/슈퍼마켓","경기 성남시 분당구 야탑동273-3, 273-4,273-5번지",""
"엄지테라피","식품잡화","경기 성남시 분당구 판교로 445","야탑동"
"소중한식사","식품잡화","경기 성남시 분당구 정자일로 121디-16호일부 17호 정자동, 더샵스타파크",""
"다원반찬","식품잡화","경기 성남시 분당구 불정로386번길10 효자촌주상복합601동지하1층일부",""
"(주)산내들에스엠","인삼 및 건강제품","경기 성남시 분당구 야탑남로 230,E동 208호","야탑동, 분당테크노파크"
"오렌지마트","할인점/슈퍼마켓","경기 성남시 분당구 대왕판교로 660,유스페이스 113호","삼평동"
"세븐일레븐 분당야탑본점","편의점","경기 성남시 분당구 장미로108번길 13,1층","야탑동"
"더.세이브마트","할인점/슈퍼마켓","경기 성남시 분당구 동판교로 212,상가동 106호","삼평동, 봇들마을6단지아파트"
"네이브키즈연세소아과","인삼 및 건강제품","경기 성남시 분당구 야탑로81번길 10,309동 1호","야탑동, 분당아미고타워"
"옆집반찬","식품잡화","경기 성남시 분당구 동판교로 59,B동 102호","백현동"
"가락한우","할인점/슈퍼마켓","경기 성남시 분당구 동판교로 155,상가동 104호","삼평동, 봇들마을7단지아파트"
"다정한슈퍼","식품잡화","경기 성남시 분당구 매화로 14,104호 상가","야탑동"
"(주)후니드 SK플래닛 판교마트점","식품잡화","경기 성남시 분당구 삼평동623-1번지",""
"(주) 헬스앤뉴트리션","인삼 및 건강제품","경기 성남시 분당구 판교역로 240 ,A동410~3호 삼환하이펙스","삼평동"
"운중슈퍼","할인점/슈퍼마켓","경기 성남시 분당구 운중동382-1번지",""
"큰손견과","식품잡화","경기 성남시 분당구 대왕판교로 372,3층","백현동"
"분당테크노파크이동구내매점","식품잡화","경기 성남시 분당구 야탑남로 230,E동 1층 매점","야탑동, 분당테크노파크"
"예스홈셰프","식품잡화","경기 성남시 분당구 내정로173번길 11,1","수내동, 양지마을한양아파트"
"주식회사 새일매디팜","인삼 및 건강제품","경기 성남시 분당구 매화로 52,301호","야탑동"
"청원","미곡상","경기 성남시 분당구 대왕판교로 120","금곡동"
"메디파크힐링","인삼 및 건강제품","경기 성남시 분당구 돌마로 43","금곡동"
"샘물유통","식품잡화","경기 성남시 분당구 대왕판교로644번길 65,501동 1105호","삼평동, 봇들마을5단지아파트"
"주식회사 커피지인","식품잡화","경기 성남시 분당구 석운로 21","석운동"
"GS25수내제일점","편의점","경기 성남시 분당구 내정로174번길 6,106호 상가","수내동"
"(주) 올가홀푸드 야탑점","할인점/슈퍼마켓","경기 성남시 분당구 야탑로69번길 2","야탑동"
"싱싱야채과일 생선","할인점/슈퍼마켓","경기 성남시 분당구 판교로 430,1층 103호 104호 근린상가","이매동, 아름마을아파트"
"이씨엠디 네이버라인플러스","식품잡화","경기 성남시 분당구 서현동263",""
"한살림성남용인소비자생협수내매장","할인점/슈퍼마켓","경기 성남시 분당구 내정로166번길 5,1층","수내동"
"(주) 디에스유통","할인점/슈퍼마켓","경기 성남시 분당구 야탑로 64,1층","야탑동"
"스마일슈퍼","식품잡화","경기 성남시 분당구 장미로 55,197동 104호 장미마을코오롱분산1상가","야탑동, 장미마을아파트"
"야미타미","식품잡화","경기 성남시 분당구 판교공원로3길 31,1층","판교동"
"커뮤니 주식회사","인삼 및 건강제품","경기 성남시 분당구 백현로101번길 16,307호","수내동, 대덕프라자"
"(주)올가홀푸드 서현점","할인점/슈퍼마켓","경기 성남시 분당구 중앙공원로 35","서현동"
"오늘커뮤니케이션","식품잡화","경기 성남시 분당구 벌말로40번길 5-1,4층 402호","야탑동"
"지유명차 분당정자점","식품잡화","경기 성남시 분당구 정자일로 55,108동 113호","금곡동, 분당두산위브아파트"
"비엠아이 인터내셔날","인삼 및 건강제품","경기 성남시 분당구 미금로 215","금곡동, 청솔마을대원아파트"
"허블리 웰빙하우스","인삼 및 건강제품","경기 성남시 분당구 중앙공원로40번길 8,1층 158호","서현동, 현대근린상가"
"과자킹","식품잡화","경기 성남시 분당구 분당로53번길 14,1층 과자킹","서현동, 서현프라자"
"분당오리멀티전자담배","식품잡화","경기 성남시 분당구 성남대로 52","구미동, 그랜드프라자"
"느티마트","할인점/슈퍼마켓","경기 성남시 분당구 정자동느티마을아파트 4단지상가 111호",""
"시내산반찬","식품잡화","경기 성남시 분당구 돌마로486번길 6,1-103","서현동, 상록프라자"
"우보 분당","인삼 및 건강제품","경기 성남시 분당구 돌마로 47,이코노샤르망 505호 일부","금곡동"
"주식회사 트로이","인삼 및 건강제품","경기 성남시 분당구 성남대로916번길 11,4층 46","야탑동, 글라스타워"
"미금역 전자담배","식품잡화","경기 성남시 분당구 성남대로 165,225호 일부","금곡동, 천사의도시외스텔1차"
"분당정자동전자담배프라자","식품잡화","경기 성남시 분당구 성남대로331번길 8,315호","정자동, 킨스타워"
"(주)새농 야탑점","할인점/슈퍼마켓","경기 성남시 분당구 판교로 471","야탑동, 한화빌딩"
"세븐일레븐 서판교로점","편의점","경기 성남시 분당구 서판교로44번길 3-1,101","판교동"
"지평막걸리","식품잡화","경기 성남시 분당구 벌말로29번길 9","야탑동"
"(주) 사랑과선행","식품잡화","경기 성남시 분당구 야탑로205번길 26,성남고령친화체험관 323","야탑동"
"전자담배","식품잡화","경기 성남시 분당구 돌마로 80,1층 69","구미동, 분당현대벤쳐빌"
"에스엠(SM)","식품잡화","경기 성남시 분당구 황새울로 224,오렌지사 B02 우나내","수내동, 청구블루빌"
"탄탄CVS","식품잡화","경기 성남시 분당구 탄천로 215,13-2","야탑동"
"주식회사 청유","인삼 및 건강제품","경기 성남시 분당구 서현로 170,318 오피스텔","서현동, 풍림아이원플러스"
"분당테크노파크D동 구내매점","식품잡화","경기 성남시 분당구 판교로 700,1층","야탑동, 분당테크노파크"
"임마누엘마트","식품잡화","경기 성남시 분당구 판교로743번길 7,상가동 지하 B101","야탑동, 목련마을SK아파트"
"카페제이","식품잡화","경기 성남시 분당구 황새울로258번길 10-9,영성라벤더 301호 일부","수내동"
"엔조이 전자담배","식품잡화","경기 성남시 분당구 돌마로 47,일부 105호","금곡동"
"시가모아 전자담배 분당미금점","식품잡화","경기 성남시 분당구 성남대로 168,114","금곡동, 미도프라자"
"성남시민축구단1호점","편의점","경기 성남시 분당구 탄천로 215,탄천종합운동장","야탑동"
"보스커피","식품잡화","경기 성남시 분당구 불정로 362,효자촌","서현동"
"씨유 분당동원점","편의점","경기 성남시 분당구 동원로 16,가동 1층","동원동"
"(주) 빈스테이블(분당점)","식품잡화","경기 성남시 분당구 내정로 152,상가 103호","수내동, 파크타운롯데아파트"
"농업회사법인 진향 주식회사","식품잡화","경기 성남시 분당구 운중로188번길 8,101","운중동"
"SD트레이딩","식품잡화","경기 성남시 분당구 발이봉남로 14,1층","수내동"
"메디포스트(주)","인삼 및 건강제품","경기 성남시 분당구 대왕판교로644번길 21","삼평동"
"와인랩","식품잡화","경기 성남시 분당구 장미로132번길 3-9,지층","야탑동"
"(주) 아웃오브주","연쇄점","경기 성남시 분당구 성남대로331번길 13,1층","정자동"
"한국자연요리연구원","식품잡화","경기 성남시 분당구 불곡북로 23","정자동"
"503호매점","식품잡화","경기 성남시 분당구 야탑동341번지 테마폴리스 지하 1층 503호",""
"(주)올가홀푸드 정자점","할인점/슈퍼마켓","경기 성남시 분당구 정자일로213번길 18,201동 1층 104호 103","정자동, 성원상떼뷰"
"대성상사","식품잡화","경기 성남시 분당구 석운동70-6번지",""
"주민두레소비자생활협동조합","할인점/슈퍼마켓","경기 성남시 분당구 운중로 118,106호","운중동, 스타타워"
"하모니마트 동판교점","할인점/슈퍼마켓","경기 성남시 분당구 동판교로91 성남판교A124-1BL B101~104호","백현동, 백현마을4단지아파트"
"아이스 월드 분당점","식품잡화","경기 성남시 분당구 느티로 71,1층 110호","정자동, 현대프라자"
"GS25분당정자일로점","편의점","경기 성남시 분당구 정자일로197 2차푸르지오시티 104-1,104-2호","정자동"
"정관장 서판교점","인삼 및 건강제품","경기 성남시 분당구 운중로138번길 37","운중동"
"(주)후니드 SK C&C 데이터센터 매점","식품잡화","경기 성남시 분당구 판교로255번길 46","삼평동"
"365 전자담배아울렛","식품잡화","경기 성남시 분당구 내정로113번길 4,판교시장 1층 105호","정자동"
"한살림성남용인소비자생활협동조합금곡매장","할인점/슈퍼마켓","경기 성남시 분당구 정자일로 15,1층 101호 102호","금곡동, 분당하우스토리"
"주식회사 오아시스 분당정자점","식품잡화","경기 성남시 분당구 정자일로 135,상가 D동 102호","정자동"
"GS25 분당구미점","편의점","경기 성남시 분당구 미금일로79번길 5","구미동"
"정관장 미금역점","인삼 및 건강제품","경기 성남시 분당구 돌마로 46,1층 105호","구미동, 구미동근생빌딩"
"윤지네반찬가게","식품잡화","경기 성남시 분당구 미금일로 55,상가동 105호","구미동, 하얀마을주공6단지아파트"
"이엘글로벌 주식회사","식품잡화","경기 성남시 분당구 정자일로 146,엠코헤리츠 A123호","정자동"
"에버그린하우스","인삼 및 건강제품","경기 성남시 분당구 돌마로 79","금곡동, 썬프라자"
"주식회사 무진개발","식품잡화","경기 성남시 분당구 느티로 22,A-3208","정자동, 백궁동양파라곤"
"쉘파비즈","식품잡화","경기 성남시 분당구 구미로 16,754","구미동, 성우스타우스오피스텔"
"주식회사 케이피엔","인삼 및 건강제품","경기 성남시 분당구 정자일로 15,205호","금곡동, 분당하우스토리"
"이마트24 판교SG","편의점","경기 성남시 분당구 대왕판교로606번길 47,1층 102-2호","삼평동, SG타워"
"다옴","식품잡화","경기 성남시 분당구 내정로174번길 42,2층 208호","수내동, 파크타운서안아파트"
"두스프랑스","식품잡화","경기 성남시 분당구 정자일로 80","정자동, 상록마을4단지아파트"
"하이홀딩스 주식회사","식품잡화","경기 성남시 분당구 운중로233번길 8-8,1층 101호","판교동"
"신미유통","식품잡화","경기 성남시 분당구 느티로87번길 5,지층","정자동"
"오늘반찬","식품잡화","경기 성남시 분당구 벌말로40번길 4,1층 101호","야탑동"
"메디포스트 주식회사","인삼 및 건강제품","경기 성남시 분당구 대왕판교로644번길 21","삼평동"
"메디포스트 주식회사","인삼 및 건강제품","경기 성남시 분당구 대왕판교로644번길 21","삼평동"
"메디포스트(주)","인삼 및 건강제품","경기 성남시 분당구 대왕판교로644번길 21","삼평동"
"메디포스트(주)","인삼 및 건강제품","경기 성남시 분당구 대왕판교로644번길 21","삼평동"
"메디포스트 주식회사","인삼 및 건강제품","경기 성남시 분당구 대왕판교로644번길 21","삼평동"
"메디포스트 주식회사","인삼 및 건강제품","경기 성남시 분당구 대왕판교로644번길 21","삼평동"
"메디포스트(주)","인삼 및 건강제품","경기 성남시 분당구 대왕판교로644번길 21","삼평동"
"메디포스트(주)","인삼 및 건강제품","경기 성남시 분당구 대왕판교로644번길 21","삼평동"
"메디포스트 (주)","인삼 및 건강제품","경기 성남시 분당구 대왕판교로644번길 21","삼평동"
"메디포스트 (주)","인삼 및 건강제품","경기 성남시 분당구 대왕판교로644번길 21","삼평동"
"메디포스트(주)","인삼 및 건강제품","경기 성남시 분당구 대왕판교로644번길 21","삼평동"
"메디포스트 (주)","인삼 및 건강제품","경기 성남시 분당구 대왕판교로644번길 21","삼평동"
"씨유 서현솔밭점","편의점","경기 성남시 분당구 서현로247번길 12,1층","서현동"
"주식회사 하울","식품잡화","경기 성남시 분당구 운중로 124,203호","운중동"
"이마트24 분당오리점","편의점","경기 성남시 분당구 구미로9번길 25,1동 1층 114호","구미동, 분당대맥주차빌딩"
"주식회사 시너지포인트","인삼 및 건강제품","경기 성남시 분당구 운중로 128,7층","운중동"
"주민두레소비자생활협동조합","할인점/슈퍼마켓","경기 성남시 분당구 돌마로 87,1층 107호 108호","금곡동, 골드프라자"
"동온하정","식품잡화","경기 성남시 분당구 성남대로 393,20층","정자동, 두산위브파빌리온"
"동화벤딩","식품잡화","경기 성남시 분당구 분당로201번길 17,108동 902호","서현동, 효자촌현대아파트"
"정관장 중탑점","인삼 및 건강제품","경기 성남시 분당구 벌말로 43,B02호","야탑동, 대경오피스텔"
"이마트24 분당수내점","편의점","경기 성남시 분당구 발이봉남로11번길 1,1층","수내동"
"GS25 판교GB점","편의점","경기 성남시 분당구 판교로256번길 19,지하1층","삼평동"
"주식회사 더블유인터내셔널","식품잡화","경기 성남시 분당구 산운로160번길 12,101호","운중동"
"우리생협 수내점","할인점/슈퍼마켓","경기 성남시 분당구 내정로 167,1층 106호 107호","수내동"
"GS25분당성원점","편의점","경기 성남시 분당구 성남대로 170 ,한국프라자 112,113-1호","금곡동"
"허브웰니스클럽","인삼 및 건강제품","경기 성남시 분당구 미금로 215,근린상가동 2층 212호","금곡동, 청솔마을대원아파트"
"더핏","인삼 및 건강제품","경기 성남시 분당구 황새울로258번길 43,2층","수내동, 현대수내프라자"
"원(one)더핏점핑","인삼 및 건강제품","경기 성남시 분당구 벌말로 33,4층 402호","야탑동"
"호야","식품잡화","경기 성남시 분당구 불정로77번길 10,3층 301호","정자동"
"건강한 밥상","식품잡화","경기 성남시 분당구 중앙공원로40번길 8,1층 127호","서현동, 현대근린상가"
"초록마을(분당운중점)","할인점/슈퍼마켓","경기 성남시 분당구 운중로138번길 28-8,103호","운중동"
"코레일유통(분당)","편의점","경기 성남시 분당구 야탑로 94,2층","야탑동, 농협빌딩"
"서울연세건강","인삼 및 건강제품","경기 성남시 분당구 서현로210번길 20,3층 306호","서현동, 코코프라자"
"주식회사 코리드 성남지점","할인점/슈퍼마켓","경기 성남시 분당구 동판교로 56","백현동"
"베지박스","식품잡화","경기 성남시 분당구 쇳골로 66,1층","금곡동"
"GS25판교허브점","편의점","경기 성남시 분당구 판교역로 109 ,판교SK허브 A동 B210호","백현동"
"주식회사 달콤","식품잡화","경기 성남시 분당구 분당로 55,9층","서현동, 분당퍼스트타워"
"정자마트","할인점/슈퍼마켓","경기 성남시 분당구 느티로 67,지하1층","정자동"
"동신푸드","식품잡화","경기 성남시 분당구 내정로129번길 2-1,101호,B01호","정자동"
"(주)청아","식품잡화","경기 성남시 분당구 궁내동322-2번지 한빛빌딩 2층",""
"케이유통","인삼 및 건강제품","경기 성남시 분당구 정자일로 15,분당하우스토리 205호 일부","금곡동"
"GS25 분당금강점","편의점","경기 성남시 분당구 미금로22번길 9,상가 101호 103호","구미동, 무지개마을금강아파트"
"CU 서현아이원점","편의점","경기 성남시 분당구 서현로 170,2층 207호","서현동, 풍림아이원플러스"
"바이앤드링크","식품잡화","경기 성남시 분당구 느티로77번길 18-4,지층","정자동"
"베스트헬스케어","인삼 및 건강제품","경기 성남시 분당구 성남대로926번길 6 ,야탑대덕프라자 801 일부","야탑동"
"토끼마트","할인점/슈퍼마켓","경기 성남시 분당구 야탑로 162 ,상가동 1층 3호","야탑동, 진흥더블파크"
"(주)더블에프앤시","식품잡화","경기 성남시 분당구 운중로277번길 9","판교동"
"스타일업 (Style up)","식품잡화","경기 성남시 분당구 내정로107번길 5,B1층","정자동"
"CU 백현카페거리점","편의점","경기 성남시 분당구 판교역로50번길 30,1층 102호","백현동"
"GS25 정자으뜸점","편의점","경기 성남시 분당구 백현로144번길 7-6,1층","정자동"
"씨앤씨","식품잡화","경기도 성남시 분당구 분당로53번길 10206호","동호플라자"
"유한회사 평안","할인점/슈퍼마켓","경기 성남시 분당구 판교대장로 84","대장동"
"이마트24 분당테크노파크점","편의점","경기도 성남시 분당구 판교로 6691층 101호",""
"GS25분당신화점","편의점","경기 성남시 분당구 정자로 112,상가동 1층 19호 20호","정자동, 정든마을신화5단지아파트"
"분당정동 주식회사","할인점/슈퍼마켓","경기 성남시 분당구 내정로166번길 7-6,1층 28,30,71,72,91~118호,2층 209호 상가","수내동, 파크타운대림아파트"
"정자정동 주식회사","할인점/슈퍼마켓","경기 성남시 분당구 내정로 55,지하1층","정자동, 상록마을우성아파트"
"(주)다온푸드","식품잡화","경기 성남시 분당구 판교역로192번길 14-2,엔 914 49","삼평동"
"주식회사 엔케이맥스에이치앤디","인삼 및 건강제품","경기도 성남시 분당구 대왕판교로 700씨동 303호",""
"이선생찬방","식품잡화","경기도 성남시 분당구 운중로267번길 4-12103호",""
"낙생농협미금지점 락마트","농협(기타)","경기도 성남시 분당구 돌마로 861층","구미동,엘레강스프라자"
"소백스토어 주식회사","인삼 및 건강제품","경기도 성남시 분당구 돌마로 80437호",""
"위드미분당구미점","편의점","경기도 성남시 분당구 미금일로74번길 20.",""
"장수건강원","인삼 및 건강제품","경기도 성남시 분당구 내정로174번길 42지하층 143호","파크타운주상복합상가"
"주식회사 보타닉랩","식품잡화","경기 성남시 분당구 성남대로43번길 10,309호 일부","구미동, 하나EZ타워"
"영진슈퍼","할인점/슈퍼마켓","경기도 성남시 분당구 야탑로69번길 211층117호","야탑동,영진다이비스상가"
"씨앤씨","식품잡화","경기도 성남시 분당구 분당로53번길 10206호",""
"베이프온 전자담배 멀티샵","식품잡화","경기도 성남시 분당구 성남대로926번길 12104호",""
"원할인마트","할인점/슈퍼마켓","경기도 성남시 분당구 동판교로 92102호","백현동, 가상가"
"웰비타민","인삼 및 건강제품","경기도 성남시 분당구 서현로 192404","서현동, 이베스밸리"
"주식회사씨디에스푸드","식품잡화","경기도 성남시 분당구 내정로17번길 21층1004호","정자동"
"다락골부대찌개","식품잡화","경기도 성남시 분당구 내정로174번길 42지48호,지63호","수내동, 파크타운주상복합상가"
"GS25 분당코포모점","편의점","경기 성남시 분당구 황새울로200번길 34,103호","수내동, KoFoMo빌딩"
"뉴트리코어 서현점","인삼 및 건강제품","경기도 성남시 분당구 중앙공원로39번길 491층 128호","서현동,서현지엔느"
"(주)힘난다","식품잡화","경기도 성남시 분당구 판교역로192번길 14-2625호",""
"경기마을교육공동체사회적협동조합분당경영","식품잡화","경기도 성남시 분당구 금곡로 289금곡동 , 분당경영고등학교",""
"메디포스트 (주)","인삼 및 건강제품","경기도 성남시 분당구 대왕판교로644번길 21.",""
"명가특산","식품잡화","경기도 성남시 분당구 불정로386번길 10지층1호","서현동.601동상가"
"씨유 수내벽산점","편의점","경기 성남시 분당구 돌마로 364 ,1층 3,4호","수내동"
"CU 백현휴먼시아점","편의점","경기 성남시 분당구 동판교로 49 ,101동 101호","백현동"
"설성목장 서판교점","편의점","경기도 성남시 분당구 운중로 120102호",""
"(주)제니앤웨슬리","식품잡화","경기도 성남시 분당구 백현로 9712층 1201호",""
"은혜반찬","식품잡화","경기도 성남시 분당구 중앙공원로39번길 7지하1층1호","서현동,삼성.한신근린상가"
"아름슈퍼","식품잡화","경기도 성남시 분당구 판교로 430105호",""
"총각네 동판교점","할인점/슈퍼마켓","경기도 성남시 분당구 판교로 376101호",""
"주식회사 오아시스 서현점","식품잡화","경기 성남시 분당구 돌마로476번길 31101호 외 10개호 서현동, 효자촌삼환아파트",""
"(주)우리집건강","인삼 및 건강제품","경기도 성남시 분당구 야탑로 95512","야탑동, 세신옴니코아"
"장독대동판교점","식품잡화","경기도 성남시 분당구 판교로 376,104동 1층","삼평동,마크시티퍼플"
"위드미 분당정자역점","편의점","경기도 성남시 분당구 정자일로198번길 201층","정자동, 칼튼호텔"
"주식회사 두잇","인삼 및 건강제품","경기 성남시 분당구 성남대로43번길 10,809호 810호","구미동, 하나EZ타워"
"행주몰","식품잡화","경기도 성남시 분당구 야탑로 95지하1층 테마보석사우나",""
"GS25 분당수내본점","편의점","경기 성남시 분당구 황새울로258번길 32,1층 116호","수내동, 코리아나빌딩"
"진수성찬","식품잡화","경기도 성남시 분당구 내정로 58116호",""
"주식회사 대한생명공학줄기세포뱅크","인삼 및 건강제품","경기도 성남시 분당구 대왕판교로 670비동 702호",""
"오케이(OK)마트","식품잡화","경기도 성남시 분당구 불정로 2521층 101호~105호",""
"GS25 분당아이원","편의점","경기 성남시 분당구 서현로 170,230-1호","서현동, 풍림아이원플러스"
"이마트24 분당정자본점","편의점","경기 성남시 분당구 정자동 68-9",""
"한국마쯔다니 주식회사","식품잡화","경기도 성남시 분당구 야탑로81번길 102","야탑동,아미고타워5층"
"크리스탈유통","식품잡화","경기도 성남시 분당구 탄천로 95407-1604","아름마을"
"필립프라임","인삼 및 건강제품","경기도 성남시 분당구 황새울로311번길 8-51층 102호",""
"데일리반찬","식품잡화","경기 성남시 분당구 미금로 48,1층 109호","구미동, 오성프라자"
"산마을반찬","식품잡화","경기도 성남시 분당구 중앙공원로31번길 421층",""
"CU 분당정자점","편의점","경기 성남시 분당구 내정로17번길 3,1층","정자동"
"이마트24 분당한솔마을점","편의점","경기도 성남시 분당구 정자로 1431층 101호,102호","정자동, 한솔마을분산상가"
"순우리인삼 분당지사","인삼 및 건강제품","경기도 성남시 분당구 돌마로 85405호",""
"수정유통","식품잡화","경기도 성남시 분당구 장미로 1931",""
"사와이코리아","식품잡화","경기도 성남시 분당구 장미로48번길 10르네상스오피스텔342호",""
"(주) 제이드에프앤비","식품잡화","경기도 성남시 분당구 황새울로200번길 281004호",""
"퓨리스석수생수","식품잡화","경기도 성남시 분당구 성남대로779번길 204층 417호",""
"CU 분당그랑시아점","편의점","경기 성남시 분당구 구미로9번길 10 ,1층 101-1호","구미동, 세종그랑시아II"
"길사랑장학사업담(주)서울하이페스","편의점","경기도 성남시 분당구 대왕판교로 294궁내동 257-20",""
"한신슈퍼","할인점/슈퍼마켓","경기도 성남시 분당구 중앙공원로39번길 7지하1층",""
"주식회사 힐코파트너스","인삼 및 건강제품","경기도 성남시 분당구 성남대로 912,709호","야탑동,분당BYC빌딩"
"주식회사 닥터브레인","식품잡화","경기 성남시 분당구 성남대로 165,2층 218-1호","금곡동"
"한살림성남용인소비자생활협동조합 이매매","할인점/슈퍼마켓","경기도 성남시 분당구 판교로 4721층",""
"제일식품","식품잡화","경기도 성남시 분당구 내정로129번길 31-91층",""
"(주)제이삼네트웍스","식품잡화","경기 성남시 분당구 야탑로 28 ,우당빌딩 502호","야탑동"
"맛상쿡123","식품잡화","경기도 성남시 분당구 느티로51번길 8-41층",""
"(주)신우웰 한국학중앙연구원점","연쇄점","경기도 성남시 분당구 하오개로 323매점",""
"목련쌀상회","미곡상","경기도 성남시 분당구 판교로 607복합상가동 106호","야탑동, 목련마을주공1단지아파트"
"라미벨르","식품잡화","경기 성남시 분당구 산운로160번길 20-6,1층","운중동"
"모모스 키친","식품잡화","경기도 성남시 분당구 돌마로486번길 12,지하1층 B-14호",""
"(주)제이비케이메디칼","인삼 및 건강제품","경기도 성남시 분당구 대왕판교로 670B동 1001호",""
"(주)장봉근헬스케어","인삼 및 건강제품","경기도 성남시 분당구 대왕판교로 670비동 1001호",""
"라이프코퍼레이션","식품잡화","경기도 성남시 분당구 정자일로 135A동2008호",""
"정관장 수내동푸른마을점","인삼 및 건강제품","경기도 성남시 분당구 돌마로356번길 3그랜드빌딩 1층 106호",""
"(주)네오커머스","인삼 및 건강제품","경기 성남시 분당구 매화로 38,3층","야탑동, 성우오피스빌딩"
"압구정볶는커피에스엔","식품잡화","경기도 성남시 분당구 분당로 244201","분당동, 하나빌라"
"옥토퍼스","식품잡화","경기도 성남시 분당구 중앙공원로39번길 7지하층1호","한신슈퍼"
"드림아이스","식품잡화","경기도 성남시 분당구 중앙공원로31번길 42121호","서현동,파크프라자"
"S더핏점핑","인삼 및 건강제품","경기도 성남시 분당구 판교로 438지하 1층 일부","이매동 경림빌딩"
"(주)올가홀푸드 이매점","식품잡화","경기도 성남시 분당구 이매로 491층",""
"(주)올가홀푸드 분당 정자점","할인점/슈퍼마켓","경기도 성남시 분당구 정자일로213번길 18201동103호",""
"GS25 분당신영점","편의점","경기 성남시 분당구 탄천상로 164,1층 F-7호","구미동, 시그마2오피스텔"
"패밀리찬(FAMILY CHAN)","식품잡화","경기도 성남시 분당구 운중로 1231층 101호",""
"에잇코너스","인삼 및 건강제품","경기도 성남시 분당구 백현로 148401호",""
"(주)인이스홀딩스","식품잡화","경기도 성남시 분당구 구미로9번길 175층 502호 503호 504호 505층 506층 507층",""
"(주)더비츠 비츠분당정자점","식품잡화","경기도 성남시 분당구 정자일로 220동양정자파라곤 제2단지상가동 108호",""
"뉴성남키즈","식품잡화","경기도 성남시 분당구 야탑로167번길 9101호","야탑동"
"엘림반찬","식품잡화","경기도 성남시 분당구 중앙공원로40번길 81층 134호",""
"주식회사 판크로스","식품잡화","경기 성남시 분당구 운중로233번길 10,1층 102호","판교동"
"한국공판장","할인점/슈퍼마켓","경기도 성남시 분당구 내정로 54한솔마을나상가동 1층 101,102호",""
"(주)코드원","식품잡화","경기도 성남시 분당구 새나리로6번길 7야탑동",""
"반찬도둑","식품잡화","경기도 성남시 분당구 구미로9번길 17109호",""
"메디포스트(주)","인삼 및 건강제품","경기도 성남시 분당구 대왕판교로644번길 21.",""
"캡코","식품잡화","경기도 성남시 분당구 황새울로200번길 9-72302호",""
"주식회사 푸드앤조이(Food & Joy Co Ltd)","식품잡화","경기도 성남시 분당구 성남대로916번길 11, 401호","글라스타워"
"레이니몬 (RainyMon)","식품잡화","경기도 성남시 분당구 운중로166번길 4-5, 101호","운중동"
"씨유 수내푸른숲점","편의점","경기 성남시 분당구 발이봉북로31번길 2","수내동, 정일빌딩"
"제주로부터","식품잡화","경기도 성남시 분당구 내정로166번길 7-6.138동902호",""
"한뫼플러스 주식회사","식품잡화","경기도 성남시 분당구 성남대로916번길 7.302-2호",""
"운남보이차분당점","식품잡화","경기도 성남시 분당구 황새울로351번길 10201호","서현동,여암빌딩"
"풍림아이원마트","할인점/슈퍼마켓","경기 성남시 분당구 서현로 170,Z동 103-2호","서현동, 풍림아이원플러스"
"이마트24분당구미점","편의점","경기도 성남시 분당구 미금일로74번길 20.",""
"몸편한세상","인삼 및 건강제품","경기도 성남시 분당구 돌마로 474층 407호 일부",""
"주민두레소비자생활협동조합 서현점","할인점/슈퍼마켓","경기도 성남시 분당구 중앙공원로39번길 491층 120-1호",""
"CU 오리포스빌점","편의점","경기 성남시 분당구 성남대로 51,1층 125호","구미동, 분당포스빌오피스텔"
"비오토니","식품잡화","경기도 성남시 분당구 산운로160번길 20-5104호",""
"씨스페이스 미금점","편의점","경기도 성남시 분당구 미금일로90번길 22구미동",""
"세븐트리 주식회사","인삼 및 건강제품","경기도 성남시 분당구 야탑로 64에이스코아빌딩 3층 301호",""
"주식회사 프레이저커피","식품잡화","경기 성남시 분당구 구미로9번길 25,1동 1층 106호","구미동, 분당대맥주차빌딩"
"아침마당농수산물센터","할인점/슈퍼마켓","경기도 성남시 분당구 중앙공원로40번길 41층 101호","서현동,현대카스빌딩"
"소셜품앗이","식품잡화","경기도 성남시 분당구 장미로140번길 3-13지하1층",""
"창신해독","인삼 및 건강제품","경기도 성남시 분당구 돌마로 73우방코아 403호",""
"샐러드나인","식품잡화","경기 성남시 분당구 판교공원로2길 32,1층","판교동"
"픽미픽미아이스 분당동아점","편의점","경기도 성남시 분당구 불정로 141102호",""
"이마트24 분당정자본점","편의점","경기도 성남시 분당구 내정로107번길 161층 101호",""
"킹콩전자담배 판교역점","식품잡화","경기도 성남시 분당구 대왕판교로606번길 39111호",""
"세븐일레븐 분당청솔주공점","편의점","경기 성남시 분당구 미금로 218 ,상가동 1층 108호 ,101호","금곡동"
"애플(Apple)","식품잡화","경기도 성남시 분당구 내정로 152129동 1502호",""
"이마트24 판교SG","편의점","경기도 성남시 분당구 대왕판교로606번길 471층102-2호",""
"(사)국제보이차문화재단","식품잡화","경기도 성남시 분당구 야탑로 28비1 505호",""
"씨유 분당시그마2점","편의점","경기 성남시 분당구 탄천상로 164 ,시그마2오피스텔 지하층 비1-18호","구미동"
"CU 분당이매아름점","편의점","경기 성남시 분당구 탄천로 95,상가 101호","이매동, 아름마을4단지아파트"
"이마트24 분당장미현대점","편의점","경기도 성남시 분당구 장미로 1011층",""
"알샘생명과학 주식회사","식품잡화","경기도 성남시 분당구 판교로 744C동 306호","야탑동, 분당테크노파크"
"GS25 분당수호점","편의점","경기 성남시 분당구 느티로51번길 14,1층","정자동"
"으뜸청과 담배","식품잡화","경기도 성남시 분당구 내정로174번길 42108. 127호",""
"(주)이롬","인삼 및 건강제품","경기도 성남시 분당구 분당내곡로 1518층 1호",""
"GS25 분당초림점","편의점","경기 성남시 분당구 내정로173번길 49 ,3동 107,122호","수내동"
"아이벅스 코리아","식품잡화","경기도 성남시 분당구 판교로711번길 102층 2호",""
"GS25 분당미래점","편의점","경기 성남시 분당구 분당로263번길 13,B동 1층 103호 107호","서현동"
"씨유 동판교골드점","편의점","경기 성남시 분당구 동판교로 212,제나상가동 101호","삼평동, 봇들마을6단지아파트"
"지 베이프(G-vape)","식품잡화","경기도 성남시 분당구 판교역로 152지하1층 6동측",""
"GS25 판교삼평점","편의점","경기 성남시 분당구 판교로 393,2동 101호 상가 102호","삼평동, 봇들마을2단지이지더원아파트"
"피디씨씨 복지카페","식품잡화","경기도 성남시 분당구 판교로 242씨동 1층",""
"(주)네츄럴메이드","인삼 및 건강제품","경기도 성남시 분당구 운중로 129마크씨티옐로우604호",""
"천년지심","인삼 및 건강제품","경기도 성남시 분당구 성남대로331번길 3-12303호",""
"헬스토피아","인삼 및 건강제품","경기도 성남시 분당구 내정로165번길 38, 601동 145호",""
"웨이스탑","식품잡화","경기도 성남시 분당구 대왕판교로644번길 65제가상가동104호",""
"휴앤존주식회사","할인점/슈퍼마켓","경기도 성남시 분당구 양현로 322지하1층 비1-1호","야탑동, 코리아디자인센터"
"씨유 분당청솔점","편의점","경기 성남시 분당구 금곡로 263,상가 1층 106호","금곡동, 청솔마을공무원아파트"
"비어앤크림서현점","식품잡화","경기도 성남시 분당구 불정로376번길 31604동 129호",""
"주식회사 썸띵뉴","식품잡화","경기도 성남시 분당구 정자일로 27, 207호","금곡동, 코오롱더프라우아파트"
"쉐비","식품잡화","경기 성남시 분당구 대왕판교로 148,2층","금곡동"
"주식회사 인바이오헬스","인삼 및 건강제품","경기도 성남시 분당구 정자일로 121비동12호",""
"명성푸드","식품잡화","경기도 성남시 분당구 야탑로231번길 38207동 106호",""
"주식회사 프레시원강남 판교지점","식품잡화","경기 성남시 분당구 대왕판교로 764","삼평동"
"(주)마마쿡 분당점","식품잡화","경기도 성남시 분당구 성남대로 165천사의도시1 101-1,2,3",""
"분당얼음","식품잡화","경기도 성남시 분당구 백현로144번길 7-41층","정자동"
"소예 예쁘게담다","식품잡화","경기도 성남시 분당구 장미로122번길 11-7, 1층 101호",""
"이마트24 분당스마일점","편의점","경기도 성남시 분당구 장미로 55197동 104호",""
"도리깨침&뀌숑","식품잡화","경기도 성남시 분당구 정자일로 230,1층108호,109호",""
"(주)올가홀푸드 분당서현점","인삼 및 건강제품","경기도 성남시 분당구 중앙공원로40번길 42서현동",""
"(주) 올가홀푸드 분당서현점","할인점/슈퍼마켓","경기도 성남시 분당구 중앙공원로40번길 42, 49동 148호",""
"이마트24 분당미켈란점","편의점","경기도 성남시 분당구 정자일로 100상가동 122호",""
"대원반찬","식품잡화","경기도 성남시 분당구 미금로 215지층B106호",""
"페노젠","인삼 및 건강제품","경기도 성남시 분당구 대왕판교로 670B동 1001호",""
"매점","식품잡화","경기도 성남시 분당구 탄천로 11층",""
"에버브라운(ever brown)","식품잡화","경기도 성남시 분당구 하오개로344번길 31층일부,2층일부","운중동"
"씨유 분당삼환점","편의점","경기 성남시 분당구 돌마로476번길 31,상가 106호","서현동, 효자촌삼환아파트"
"테마매점","식품잡화","경기도 성남시 분당구 성남대로925번길 16지하1층513호","야탑동,분당종합터미널"
"더블유카페 (판교점)","식품잡화","경기도 성남시 분당구 판교역로 235에이치스퀘어엔동 117호",""
"아기숟가락분당점","식품잡화","경기도 성남시 분당구 불정로 195상가동 108호",""
"터미널 매점","식품잡화","경기도 성남시 분당구 성남대로925번길 16지하1층 519호",""
"고릴라파이프","식품잡화","경기도 성남시 분당구 정자일로 227107호",""
"GS25 분당헤리츠점","편의점","경기 성남시 분당구 성남대로 151,115-4호","구미동"
"씨유 미금파크점","편의점","경기 성남시 분당구 성남대로172번길 24,1층","금곡동, 미금파크주차빌딩"
"분당소아청소년과의원 건강기능식품","인삼 및 건강제품","경기도 성남시 분당구 중앙공원로39번길 49203호",""
"원더베이프 판교","식품잡화","경기도 성남시 분당구 판교역로 2301층 112호","삼평동, 삼환하이팩스"
"아이스박스 아이스크림 할인점 분당점","식품잡화","경기도 성남시 분당구 중앙공원로40번길 81층 159호",""
"내 몸 깨우기","인삼 및 건강제품","경기도 성남시 분당구 내정로165번길 38601동217호",""
"주식회사 파인테이블","식품잡화","경기도 성남시 분당구 운중로 239106호",""
"유진아뜰리에","식품잡화","경기도 성남시 분당구 금곡로23번길 15-3,1층101호","일부"
"성원푸드","식품잡화","경기도 성남시 분당구 내정로165번길 38지하1층 57호",""
"오인(OIN)","식품잡화","경기 성남시 분당구 성남대로779번길 13,103호","이매동, 오성프라자빌딩"
"픽미픽미아이스분당정자점","식품잡화","경기도 성남시 분당구 정자로 781층 , 106호",""
"경기쌀상회","미곡상","경기도 성남시 분당구 판교로 607복합상가 112호","야탑동, 목련마을주공1단지아파트상가"
"이마트24 분당올림픽","편의점","경기도 성남시 분당구 중앙공원로 35101,102호",""
"GS25 분당한솔마을점","편의점","경기도 성남시 분당구 백현로 234상가동 1층 1호","정자동 한솔마을"
"항상성건강","인삼 및 건강제품","경기도 성남시 분당구 내정로165번길 381층",""
"(주)하임스내츄라","인삼 및 건강제품","경기도 성남시 분당구 야탑로 26302-6호3층",""
"아이스박스 아이스크림 할인점(수내점)","식품잡화","경기도 성남시 분당구 내정로173번길 11양지마을한양아파트 상가동 603동153호",""
"땅스부대찌개성남야탑점","식품잡화","경기도 성남시 분당구 벌말로39번길 8-31층102호","야탑동"
"GS25 분당라이프점","편의점","경기도 성남시 분당구 내정로17번길 131층 일부","정자동"
"씨유 분당백현마을점","편의점","경기 성남시 분당구 판교역로 100,상가 101호","백현동, 백현마을6단지아파트"
"부생반일","식품잡화","경기도 성남시 분당구 황새울로108번길 14101호",""
"주식회사 엘알디케이","식품잡화","경기도 성남시 분당구 정자일로 158,5층 508호","정자동, 백궁프라자2"
"그린마트","할인점/슈퍼마켓","경기도 성남시 분당구 불곡남로 131층",""
"금산인삼건강원","인삼 및 건강제품","경기도 성남시 분당구 중앙공원로31번길 421층153호",""
"아이스박스 아이스크림 할인점(수내2점)","식품잡화","경기도 성남시 분당구 돌마로 3641층 18호",""
"(주)맵기능의학연구소","인삼 및 건강제품","경기도 성남시 분당구 분당내곡로 117303호",""
"동명수퍼","식품잡화","경기도 성남시 분당구 벌말로 10105호",""
"인디베이프","식품잡화","경기도 성남시 분당구 야탑로69번길 181층 111호","야탑동, 동아체인"
"바이오 주식회사","인삼 및 건강제품","경기도 성남시 분당구 황새울로200번길 2811층 1105호","오너스타워 르호봇 분당 수내 비즈니스센터"
"지에스(GS)25 분당불곡","편의점","경기도 성남시 분당구 불곡북로 231층 일부","정자동"
"CU 야탑현대점","편의점","경기 성남시 분당구 장미로 101 ,1동 1층 1106호 1107호","야탑동, 장미마을"
"주공슈퍼","식품잡화","경기도 성남시 분당구 미금로 246107호",""
"지에스(GS)25 서판교로","편의점","경기도 성남시 분당구 서판교로44번길 3-1101호","판교동"
"퍼스트베이프 야탑점","식품잡화","경기 성남시 분당구 성남대로925번길 11,1층 116호","야탑동"
"CU 야탑삼부점","편의점","경기 성남시 분당구 장미로48번길 10,1층 101호","야탑동"
"헬로우 홈셰프","식품잡화","경기도 성남시 분당구 정자일로 2401층 114호",""
"지에스(GS)25 분당신성","편의점","경기도 성남시 분당구 돌마로366번길 401층",""
"씨유 분당정자중앙점","편의점","경기 성남시 분당구 백현로144번길 19-2,1층","정자동"
"림스인터내셔널","식품잡화","경기도 성남시 분당구 구미로 166층, 659","구미동, 성우스타우스오피스텔"
"이마트24 구미무지개점","편의점","경기도 성남시 분당구 미금로 68101호",""
"신나는 점핑 다이어트","인삼 및 건강제품","경기도 성남시 분당구 불정로386번길 10601동 2075호",""
"톨게이트 서울구내","식품잡화","경기도 성남시 분당구 대왕판교로 2402층 일부","궁내동"
"씨유 분당하우스토리점","편의점","경기 성남시 분당구 정자일로 15,122호 123호","금곡동, 분당하우스토리"
"지에스(GS)25 분당이매중앙","편의점","경기도 성남시 분당구 이매로124번길 31층","이매동"
"GS25 분당삼성한신","편의점","경기도 성남시 분당구 중앙공원로 531008호",""
"아이스박스 아이스크림 할인점","식품잡화","경기도 성남시 분당구 양현로94번길 21111호 분당코아",""
"지에스(GS)25 서판교","편의점","경기도 성남시 분당구 운중로 135104호",""
"아워푸드주식회사","식품잡화","경기도 성남시 분당구 정자일로 80상가동지하1층 B01호",""
"해빛율동공원점","식품잡화","경기도 성남시 분당구 문정로 1461층",""
"이마트24 분당이매삼성점","편의점","경기도 성남시 분당구 양현로 220101호","이매동,이매촌삼성아파트 제상가시동 1층"
"지에스(GS)25 판교스페이스점","편의점","경기도 성남시 분당구 대왕판교로 660133호",""
"인터내셔널 트레이드 알레스","식품잡화","경기도 성남시 분당구 성남대로171번길 17615호",""
"땅스부대찌개정자점","식품잡화","경기도 성남시 분당구 정자로 1131층109호","정자동"
"(주)엘에프푸드 모노마트 수내점","할인점/슈퍼마켓","경기도 성남시 분당구 내정로173번길 11132호,133호","수내동, 양지마을 주상복합상가"
"GS25 분당서현로","편의점","경기도 성남시 분당구 서현로 3771층",""
"야미야미","식품잡화","경기도 성남시 분당구 중앙공원로31번길 42지하1층 사우나 내","서현파크프라자"
"백현유통","식품잡화","경기도 성남시 분당구 동판교로 92318동 707호","백현동, 백현마을"
"CU 서판교골드점","편의점","경기 성남시 분당구 운중로 140,1층 108호","운중동"
"넝쿨하우스","식품잡화","경기도 성남시 분당구 양현로166번길 151층 4호",""
"소담","식품잡화","경기도 성남시 분당구 미금로 215근린상가동 지하층 비115호",""
"동한프라자","식품잡화","경기도 성남시 분당구 돌마로366번길 42지하1층",""
"이지뉴트리","인삼 및 건강제품","경기도 성남시 분당구 대왕판교로 6602동 209-1층","삼평동, 유스페이스1"
"CU 미금골든밸리점","편의점","경기 성남시 분당구 성남대로171번길 9,1층 113호","금곡동"
"CU 뉴정자하나점","편의점","경기 성남시 분당구 황새울로116번길 14,1호","정자동"
"응응스크르 (판교테크노밸리점)","식품잡화","경기도 성남시 분당구 판교역로241번길 22119호",""
"헤세드 종합유통","식품잡화","경기도 성남시 분당구 돌마로 464층401호내402호",""
"놀이터(건영매점)","식품잡화","경기도 성남시 분당구 장안로25번길 28지층 건영사우나내 여탕매점 일부",""
"으뜸과버금","식품잡화","경기도 성남시 분당구 불정로 2541층 101호","수내동, 삼평그린상가"
"씨유(CU)분당아름건영점","편의점","경기도 성남시 분당구 판교로 4301층2호","아름타운"
"지에스(GS)25 풍성신미주","편의점","경기도 성남시 분당구 판교로 375109호","삼평동, 메가스페이스"
"브렉타임","편의점","경기도 성남시 분당구 판교로289번길 201동 2층","삼평동,판교테크노밸리 스타트럽캠퍼스"
"롤링베어커피로스터스","식품잡화","경기도 성남시 분당구 내정로 185수내동, 양지마을청구아파트 분산 상가동 108",""
"사계절아이스크림할인점","식품잡화","경기도 성남시 분당구 미금로33번길 18102호 포레스티지분당",""
"GS25 분당수내고점","편의점","경기도 성남시 분당구 발이봉북로 181층 101호","수내동"
"알로하 버터","식품잡화","경기도 성남시 분당구 매화로38번길 161층 102호","일부"
"분당 웰빙 녹즙","인삼 및 건강제품","경기도 성남시 분당구 백현로 206, 1층 105호","정자동, 한솔마을근린상가"
"땅스부대찌개 (성남 이매점)","식품잡화","경기도 성남시 분당구 양현로94번길 71층",""
"지성푸드","식품잡화","경기도 성남시 분당구 성남대로43번길 10309호",""
"씨유(CU)분당LH6단지점","편의점","경기도 성남시 분당구 미금일로 55101호",""
"오후과자점","식품잡화","경기도 성남시 분당구 운중로125번길 4-71층 102호 일부","운중동"
"씨유(CU) 수내파이낸스타워점","편의점","경기 성남시 분당구 황새울로258번길 25,1층","수내동, 수내파이낸스타워"
"주식회사 트리비","수입상품점","경기도 성남시 분당구 정자일로 1비동18층1807호","금곡동,코오롱트리폴리스1"
"픽미픽미아이스 성남야탑점","식품잡화","경기도 성남시 분당구 야탑로 24507호",""
"다오내","식품잡화","경기도 성남시 분당구 돌마로 801층 18호",""
"지에스(GS)25 분당시그마","편의점","경기도 성남시 분당구 황새울로 307102호","서현동"
"박여사네","식품잡화","경기 성남시 분당구 불정로 168 ,1층 101호","예광아트홀"
"로또복권방","식품잡화","경기도 성남시 분당구 대왕판교로 6601층 136호",""
"홍삼상회","인삼 및 건강제품","경기도 성남시 분당구 수내로 425층 509호","수내동,두산위브센티움2"
"에이치알티씨 주식회사","식품잡화","경기도 성남시 분당구 장미로 42,313호","야탑동,야탑리더스"
"응응스크르 분당정자점","식품잡화","경기도 성남시 분당구 느티로87번길 4101호",""
"주식회사 하니푸드","식품잡화","경기도 성남시 분당구 서판교로 401층",""
"설악촌","식품잡화","경기도 성남시 분당구 장미로 101801동 803호",""
"삼광","식품잡화","경기도 성남시 분당구 미금일로 55.",""
"주식회사화영","식품잡화","경기도 성남시 분당구 매화로 513층 302-25호",""
"지에스(GS)25 분당탑마을","편의점","경기도 성남시 분당구 판교로 431104호,105호",""
"우리 베이킹재료","식품잡화","경기도 성남시 분당구 장미로148번길 3-9, 102호","야탑동"
"하나뉴트리케어","인삼 및 건강제품","경기도 성남시 분당구 내정로 1724층 401호",""
"동상슈퍼","할인점/슈퍼마켓","경기도 성남시 분당구 성남대로779번길 541층",""
"한솔편의점","할인점/슈퍼마켓","경기도 성남시 분당구 불정로 219지하1층 비101호",""
"오케이유통","식품잡화","경기 성남시 분당구 동판교로 92,317동 2004호","백현동, 백현마을3단지아파트"
"수내아이스캔디","식품잡화","경기도 성남시 분당구 내정로173번길 49, 3동 114호",""
"봄내반찬가게","식품잡화","경기도 성남시 분당구 돌마로 478120호",""
"호아당","식품잡화","경기도 성남시 분당구 정자일로 121상가동 비-04호","정자동,더샵스타파크"
"씨유(CU)분당이매골드점","편의점","경기도 성남시 분당구 이매로 1501층",""
"(주)담소마루 스타트업캠퍼스 판교점","편의점","경기도 성남시 분당구 판교로289번길 201동2층",""
"GS25 분당한솔주공점","편의점","경기도 성남시 분당구 백현로 206-1분산상가동 102호",""
"동국산업(주)","식품잡화","경기도 성남시 분당구 판교역로 230B동 3층 305호",""
"빈스테이블 서현점","식품잡화","경기도 성남시 분당구 중앙공원로 20제분산상가2동1층401호","서현동,시범단지현대아파트"
"그린이즈","식품잡화","경기도 성남시 분당구 대왕판교로645번길 129층 스마트오피스",""
"(주)월간건강","인삼 및 건강제품","경기도 성남시 분당구 정자로76번길 114층 403호",""
"주식회사 네추럴웨이브(Natural Wave)","인삼 및 건강제품","경기도 성남시 분당구 성남대로343번길 10-63102호","정자동"
"블랑아뜰리에","식품잡화","경기도 성남시 분당구 정자일로 1201층 108호",""
"GS25 분당이매촌점","편의점","경기도 성남시 분당구 성남대로779번길 141층 일부호","이매동,대한빌딩"
"오늘의반찬","식품잡화","경기도 성남시 분당구 정자로 113정자동",""
"록시베이커리(Roxy Bakery)","식품잡화","경기도 성남시 분당구 운중로 123103호",""
"데일리쿡","식품잡화","경기도 성남시 분당구 동판교로 155A상가동 101호",""
"하모니마트","할인점/슈퍼마켓","경기도 성남시 분당구 동판교로 91상가동 B101호,B102호,B103호",""
"GS25 판교퍼스트점","편의점","경기도 성남시 분당구 운중로138번길 371층","운중동"
"애드클럽(add club)","할인점/슈퍼마켓","경기도 성남시 분당구 성남대로 69로드랜드EZ타워 110호",""
"아이스박스 분당정자점","식품잡화","경기도 성남시 분당구 성남대로 381111호",""
"씨유(CU)수내푸른마을점","편의점","경기도 성남시 분당구 돌마로366번길 42107호",""
"씨유(CU) 판교도서관점","편의점","경기도 성남시 분당구 운중로267번길 91층",""
"상상유통","식품잡화","경기도 성남시 분당구 미금일로 24, 일반상가동 102호",""
"씨유(CU) 분당장안제일점","편의점","경기도 성남시 분당구 장안로 31102호","분당동"
"지에스(GS)25 판교타워","편의점","경기도 성남시 분당구 판교역로192번길 12107호",""
"지에스25 (GS25) 야탑스위트","편의점","경기도 성남시 분당구 장미로 861층 110호",""
"지에스25(GS25) 신분당정자다","편의점","경기도 성남시 분당구 정자일로 146A동1층120호","정자동"
"이마트24 탑마을벽산아름점","편의점","경기도 성남시 분당구 야탑로 124127호",""
"애니타임 분당서현점","식품잡화","경기도 성남시 분당구 돌마로476번길 411층 03호",""
"늘라온","식품잡화","경기도 성남시 분당구 판교로610번길 18,지하1층 일부호",""
"뉴(NEW)홈마트","할인점/슈퍼마켓","경기도 성남시 분당구 탄천로 271층",""
"뜰아네","식품잡화","경기도 성남시 분당구 정자일로 2481충132호",""
"에이치엠스킨","인삼 및 건강제품","경기도 성남시 분당구 성남대로331번길 3-9403호",""
"정관장 야탑역점","인삼 및 건강제품","경기도 성남시 분당구 장미로48번길 14103호","야탑동, 엔즈빌오피스텔"
"지에스25(GS25) 분당장안","편의점","경기도 성남시 분당구 서현로494번길 191층","분당동"
"GS25 분당한진타운점","편의점","경기도 성남시 분당구 불정로 119106, 107호",""
"애니타임 아이스크림 할인점 분당점","식품잡화","경기도 성남시 분당구 중앙공원로40번길 4249동 135호",""
"더담은찬","식품잡화","경기도 성남시 분당구 운중로 142101호","운중동, 판교메디칼타워"
"씨유(CU)산운마을12단지점","편의점","경기도 성남시 분당구 판교원로 46제상가동 101호",""
"쿡1015 분당효자촌","식품잡화","경기도 성남시 분당구 불정로376번길 31604동 113호",""
"이마트24 분당오리점","편의점","경기도 성남시 분당구 구미로9번길 251동 1층 114호",""
"이마트24 R야탑매화점","편의점","경기도 성남시 분당구 벌말로40번길 4-11층",""
"애니타임 판교백현점","식품잡화","경기도 성남시 분당구 동판교로 611층 107호",""
"이마트24 분당화인점","편의점","경기도 성남시 분당구 정자일로 46상가동 105호",""
"오디너리데이","식품잡화","경기도 성남시 분당구 느티로69번길 15102호",""
"우리동네홈마트","할인점/슈퍼마켓","경기도 성남시 분당구 돌마로366번길 8124호","수내동, 쌍용B상가"
"바른식탁연구소","식품잡화","경기 성남시 분당구 내정로174번길 42,상가동 지하 74호 88호","수내동, 파크타운서안아파트"
"이마트24 판교상록점","편의점","경기 성남시 분당구 판교원로 255,상가동 102호","판교동, 판교원마을상록아파트"
"씨유(CU) 나눔판교대장점","편의점","경기도 성남시 분당구 판교대장로7길 69119동 1-G04호","대장동, 판교퍼스트힐푸르지오1단지"
"씨유(CU) 분당효자촌 현대점","편의점","경기도 성남시 분당구 돌마로486번길 12제근린상가동 1층 101호,102호","서현동, 효자촌"
"슬기로운생활","식품잡화","경기도 성남시 분당구 매화로38번길 71층 102호",""
"우리집반찬","식품잡화","경기도 성남시 분당구 돌마로366번길 421층 111호",""
"시가크루 판교","식품잡화","경기도 성남시 분당구 운중로126번길 5103호",""
"이마트24 분당수내점","편의점","경기도 성남시 분당구 발이봉남로11번길 11층",""
"영영상점 수내4호상점","식품잡화","경기도 성남시 분당구 내정로 1721층 108호",""
"주식회사 무궁화에프앤비","식품잡화","경기도 성남시 분당구 동판교로52번길 9-9지하1층, 지상1층",""
"올잼","식품잡화","경기도 성남시 분당구 내정로166번길 7-6지하1층 123-1호",""
"요롤리코리아","식품잡화","경기도 성남시 분당구 성남대로 168114호",""
"이롬황성주두유 분당대리점","식품잡화","경기도 성남시 분당구 돌마로356번길 3지하1층 B107호",""
"니나케이커리","식품잡화","경기도 성남시 분당구 황새울로108번길 5102호",""
"아이스Go 24","편의점","경기도 성남시 분당구 대왕판교로 660105호",""
"지에스25(GS25) 분당퍼스트점","편의점","경기도 성남시 분당구 분당로 551층","서현동, 분당 퍼스트타워"
"분당한과","식품잡화","경기도 성남시 분당구 판교로 443104호",""
"집밥뚝딱 분당 수내점","식품잡화","경기도 성남시 분당구 불정로 254103호",""
"씨유(CU)대장힐스테이트점","편의점","경기 성남시 분당구 대장동산19-41번지 힐스테이트 6블록 단지상가동 122호",""
"밀로바니케이크","식품잡화","경기도 성남시 분당구 미금일로86번길 5-11층 103호일부",""
"해피라이프","인삼 및 건강제품","경기도 성남시 분당구 양현로94번길 193층 303호",""
"담꾹 판교봇들마을점","식품잡화","경기도 성남시 분당구 판교로 3751층 104호",""
"이마트24 SMART 분당장안타운점","편의점","경기도 성남시 분당구 장안로 67상가동 101호",""
"정들다","식품잡화","경기도 성남시 분당구 미금로 215,근린상가동 비103호","금곡동,청솔마을"
"씨유(CU) 분당한솔4단지점","편의점","경기도 성남시 분당구 백현로 206108호",""
"시가크루 수내","식품잡화","경기도 성남시 분당구 황새울로258번길 10-71층108호수내동가나프라자",""
"성남농협 하나로마트 야탑역점","농협(마트)","경기도 성남시 분당구 야탑로 94","야탑동"
"아이스캔디 구미점","식품잡화","경기도 성남시 분당구 구미로 100상가동 110호",""
"반찬톡톡","식품잡화","경기도 성남시 분당구 판교대장로 921층111호",""
"신구멍가게24 판교백현점","식품잡화","경기도 성남시 분당구 동판교로 122가상가동 1층 101호",""
"식사준비 판교대장점","식품잡화","경기 성남시 분당구 판교대장로5길 20,지하1층 119호","대장동, 판교풍경채어바니티5단지"
"푸레쉬 식자재마트","할인점/슈퍼마켓","경기도 성남시 분당구 동판교로266번길 141층 제101-6호",""
"초록마을 분당무지개마을점","할인점/슈퍼마켓","경기도 성남시 분당구 미금로 48118,119호",""
"돌고래반찬","식품잡화","경기도 성남시 분당구 내정로174번길 42상가동 지하층 101,102,103,104호",""
"쿨베이프 판교","식품잡화","경기도 성남시 분당구 대왕판교로 6702층22호","삼평동,유스페이스2"
"초록마을 판교대장점","할인점/슈퍼마켓","경기도 성남시 분당구 판교대장로7길 16, 620동 129호",""
"풍미반찬","식품잡화","경기도 성남시 분당구 중앙공원로40번길 42,49동 1층 131호","서현동,우성종합상가"
"쿨베이프 정자","식품잡화","경기도 성남시 분당구 성남대로331번길 3-31층106호","정자동, 젤존타워lll"
"에코마트","할인점/슈퍼마켓","경기도 성남시 분당구 미금로 184까치마을상가동 지하1층",""
"에이쿡(A cook)","식품잡화","경기도 성남시 분당구 수내로 181분산상가동1층103호",""
"세븐일레븐 성남대장빌리지점","편의점","경기도 성남시 분당구 판교대장로3길 30상가동1층",""
"응응스크르 분당미금점","식품잡화","경기 성남시 분당구 미금일로 58,근린상가동 107호","구미동, 까치마을롯데선경아파트"
"생각나는반찬","식품잡화","경기도 성남시 분당구 운중로 1241층102호","마크시티블루"
"주식회사 지베이프 (G Vape Inc.)","식품잡화","경기도 성남시 분당구 황새울로200번길 22,105호",""
"씨유(CU) 이매진흥점","편의점","경기도 성남시 분당구 양현로 138근린상가동 103호, 106호",""
"반찬85","식품잡화","경기도 성남시 분당구 성남대로 926101호102호103호104호105호","야탑동,분당메트로"
"세븐일레븐 분당도서관점","편의점","경기도 성남시 분당구 불정로 110지하1층 일부",""
"대농할인마트","할인점/슈퍼마켓","경기도 성남시 분당구 판교대장로 84101,102,103,104,109,110,111,112,1123호",""
"스마일슈퍼","할인점/슈퍼마켓","경기도 성남시 분당구 백현로144번길 7-51층",""
"픽미픽미 분당불곡점","식품잡화","경기도 성남시 분당구 불곡남로 6101호",""
"뜰안에반찬","식품잡화","경기도 성남시 분당구 판교로 4301층 아름타운2호",""
"올바른이유식 판교점","식품잡화","경기도 성남시 분당구 서판교로58번길 4-41층 일부호","101"
"이마트24 분당경남","편의점","경기도 성남시 분당구 판교로 5191층동 103호",""
"하얀 찹쌀 꽈배기","식품잡화","경기도 성남시 분당구 미금일로 55, 상가동 1층 107호",""
"까까머꼬 께끼머꼬 (삼부점)","식품잡화","경기 성남시 분당구 수내로 201,분산상가동 102호","분당동, 샛별마을삼부아파트"
"GS25 분당광림점","편의점","경기도 성남시 분당구 구미로9번길 171층 103호",""
"씨유(CU) 분당수내역점","편의점","경기도 성남시 분당구 황새울로214번길 81층 108호",""
"씨유(CU) 뉴야탑노블리치점","편의점","경기도 성남시 분당구 야탑로105번길 71층",""
"우리농산물","미곡상","경기도 성남시 분당구 내정로174번길 42지층 99, 117,119호","수내동 돌고래상가"
"소담나무","식품잡화","경기도 성남시 분당구 불정로386번길 10601동 1904호",""
"맘마찬 분당점","식품잡화","경기도 성남시 분당구 중앙공원로31번길 421층 122호",""
"(주)쿱스토어울산 분당서판교점","할인점/슈퍼마켓","경기도 성남시 분당구 판교공원로5길 131층",""
"자연드림 분당정자점","할인점/슈퍼마켓","경기도 성남시 분당구 정자로 105101~112호",""
"(주)쿱스토어울산 분당서현점","할인점/슈퍼마켓","경기도 성남시 분당구 중앙공원로40번길 4115~117호",""
"슈퍼키친 분당서현점","식품잡화","경기도 성남시 분당구 중앙공원로31번길 421층 105호","서현동, 서현파크플라자"
"지에스(GS)25 분당점","편의점","경기도 성남시 분당구 이매로 47101호","이매동, DNS빌딩"
"아이스캔디 야탑현대점","식품잡화","경기도 성남시 분당구 장미로 101근리상가2동 1층 2109호",""
"삼평마트(대장점)","할인점/슈퍼마켓","경기도 성남시 분당구 판교대장로7길 6-601층","대장동"
"도깨비냉장고아이스크림할인점분당백현화랑초점","식품잡화","경기도 성남시 분당구 동판교로 92제가상가동103호","백현동,백현마을3단지"
"쿡1015 분당야탑점","식품잡화","경기도 성남시 분당구 장미로 198지하1층 비109호","야탑동, 아델파크빌"
"도깨비냉장고 아이스크림할인점 수내점","식품잡화","경기도 성남시 분당구 내정로166번길 7-3서기빌딩1층1호",""
"주식회사 더친정집","식품잡화","경기도 성남시 분당구 느티로77번길 6-2,1층",""
"수라청","식품잡화","경기도 성남시 분당구 돌마로 47이코노샤르망1층101호",""
"세븐일레븐 판테온리젠시점","편의점","경기도 성남시 분당구 백현로 100102호",""
"월드마트","할인점/슈퍼마켓","경기도 성남시 분당구 돌마로366번길 8B1층 101호",""
"주식회사 민랩","식품잡화","경기도 성남시 분당구 야탑로149번길 4-3101호",""
"아이스크림 가게 분당점","식품잡화","경기도 성남시 분당구 정자로 143상가동 1층 104호",""
